"normal","mild_skew","skewed","highly_skewed"
1.37095844714667,10.2272782997984,0.197859651874751,1.60564869227747
-0.564698171396089,1.68897558285314,0.0293114969787435,0.220385121335023
0.363128411337339,2.63987988075374,0.708667124744545,1.93686412374381
0.63286260496104,1.45786552548126,2.65082967827532,6.54211638684875
0.404268323140999,0.369378506966182,0.10181760327956,0.821574363220094
-0.106124516091484,0.550194782722215,0.853573110077703,2.50091693954099
1.51152199743894,1.17968968264195,0.374882952310145,0.0604704453948128
-0.0946590384130976,0.0534784142436862,1.877997366157,3.18067495371039
2.01842371387704,0.42830735302426,0.0464043826796114,1.30971059073036
-0.062714099052421,2.22239293101355,3.20549785969928,0.166395023730924
1.30486965422349,0.741962936430067,1.22353567085685,1.70089385099666
2.28664539270111,0.753059244030824,0.346781872678548,2.81975030366594
-1.38886070111234,2.3857637570699,3.59891243291676,1.75457602601238
-0.278788766817371,0.580215736743526,1.00404128044946,0.334364210547004
-0.133321336393658,1.87536486541192,0.631899779219429,6.07746739344657
0.635950398070074,0.241150403811262,0.373986629500434,9.36932849808575
-0.284252921416072,0.293020521451439,3.06030650341826,0.305470203541
-2.65645542090478,0.187475798654622,1.14284245758773,11.6706973790577
-2.44046692857552,1.08806238097476,1.28578951019318,1.3867571572265
1.32011334573019,0.813730813212838,1.4957761437096,0.375034169846011
-0.306638594078475,4.22860283854777,1.135444479173,0.692082193076402
-1.78130843398,0.959078737816259,0.265500805481886,0.069646493540402
-0.171917355759621,3.87193537046845,0.421328416094184,1.53363701873292
1.2146746991726,6.99520752937715,0.25974129631901,0.0233033509883419
1.89519346126497,0.61205187700873,1.72278964134085,3.51777825805977
-0.4304691316062,1.47467713594158,0.928715691553921,3.0994187072648
-0.25726938276893,0.429603211960012,8.19164321711643,1.26412736511113
-1.76316308519478,2.09172768465548,1.41129337352402,1.31566643218255
0.460097354831271,0.339676925822725,2.64669963891122,2.66208505594958
-0.639994875960119,0.358268033336689,0.460677356924862,1.30059978725741
0.455450123241219,1.33481587578354,0.471604087390006,4.06594070064746
0.704837337228819,1.09506236861661,0.299523274414241,0.375907915956655
1.03510352196992,1.30033662949372,0.0790014175365046,1.80644130832377
-0.608926375407211,1.07179510693618,0.6249918569999,5.59908197706988
0.50495512329797,0.589403766172953,0.39246733346954,0.698661929429176
-1.71700867907334,0.877917929123226,0.0766291367347794,1.12891534315163
-0.784459008379496,5.05389252980278,0.0767419408075511,2.490137489095
-0.850907594176518,0.982264043544832,1.05210451498152,1.13510548098744
-2.41420764994663,0.267539141777309,0.450218481011689,1.10979775992275
0.0361226068922556,0.429746336026382,1.05737404427947,0.902536860896811
0.205998600200254,0.332267512992794,0.501402790192515,0.472935883484636
-0.361057298548666,0.406533011980507,0.996888873125327,0.195119892295627
0.758163235699517,0.283346734847564,0.845116770784271,1.56953277451073
-0.726704827076575,0.0723782888385874,0.837704294319165,0.168865723522091
-1.36828104441929,1.95241242542497,2.03011102966013,0.279250726024427
0.432818025888717,1.93487264781041,0.844091965774906,3.12515830000596
-0.811393176186672,0.778333303878196,0.754556464920652,2.01373912088109
1.44410126172125,0.48490740831855,1.71336796498838,1.37934141369595
-0.431446202613345,0.44388860736957,1.70117470241132,0.347063031727768
0.655647883402207,1.48993774323163,0.84025725718112,0.428929926119617
0.321925265203947,1.25428234689391,0.0235576927661896,0.801301413194889
-0.783838940880375,1.52446507762208,1.17287063873829,3.49870854075609
1.57572751979198,1.00484966546926,0.372310695468435,0.180484966832243
0.642899305717316,1.85704017240661,0.455248072277755,0.428200103921269
0.0897606465996057,1.53900167694023,0.960733537520182,1.46097540588768
0.276550747291463,1.7477205048306,0.661873499397188,4.86954380221924
0.679288816055271,1.64207597650948,0.322342995088547,0.128381323646377
0.0898328865790817,5.26923789923796,2.07924143775346,1.07629312291726
-2.99309008315293,0.348180375807263,1.08542800597371,3.264558863676
0.284882953530659,4.51915345135485,0.0339386756531894,2.47847533588198
-0.367234642740975,0.715904388426703,0.202550485579259,3.64609557145944
0.185230564865609,0.937085507892345,0.981499913106573,2.71722532522806
0.581823727365507,1.08445931837937,0.258206348400563,0.942895281617253
1.39973682729268,0.638767464893599,0.540960831101984,0.591635982240516
-0.727292059474465,0.0777849780784078,1.47696155632046,2.32009142341854
1.30254263204414,0.731299247921387,0.0694011452752092,3.6206699763828
0.335848119752074,1.04225136978998,0.0888468734920025,2.16184068292631
1.03850609869762,0.175919625536737,1.8203315398747,2.3870619390291
0.920728568290646,1.7331484360128,1.93873672365191,0.690233709433828
0.720878162866862,0.550309906767575,0.466869536483615,2.41993425649155
-1.04311893856785,4.25349843727607,0.251588363200426,3.69173417763805
-0.0901863866107067,1.30325908316048,0.622655853629112,2.73205617178216
0.623518161999544,0.45439754797003,0.00195425628911467,0.492391846822719
-0.953523357772344,1.18261988708449,0.114362596068531,0.874087995832905
-0.542828814573857,1.29379933184758,2.03489284975035,1.70666148328503
0.580996497681682,2.48941406481508,0.870053924794337,0.440972322650513
0.768178737834591,0.854813140926258,0.177843005862087,0.656264373772279
0.463767588540167,0.130892918189926,0.699097974463787,3.20038429097441
-0.88577629740968,0.272622882088681,1.21884101531924,0.142982409125616
-1.09978089864786,0.424327099567631,1.40628010398688,3.65588256398769
1.51270700980493,1.53152702699496,0.161756449621777,0.499117609334157
0.257921437532031,0.752137396894824,0.596466227434576,0.328859327749499
0.0884402291595864,0.540982395154143,0.34072346938774,2.14451365731633
-0.120896537539089,0.429604254620516,0.167979450430721,0.564549745835377
-1.19432889516053,1.16613511142029,0.334298328496516,1.36390462085816
0.611996898040387,0.426803194087698,0.478702291380614,0.93779867224476
-0.217139845746521,0.671715042061337,0.342267374973744,1.94931117198272
-0.182756706331922,0.390636731508394,1.59439362577143,0.991780921036262
0.93334632857116,0.249510634508233,0.212654268369079,1.55084615838527
0.821773110508249,2.59915031284381,0.264241045673106,0.431367812472661
1.39211637593427,0.267805188860769,0.400037114042789,0.609223092186676
-0.476173923054674,1.07576189078556,0.462914817035198,0.870619038609956
0.650348560726305,0.566552318660018,0.819489931645703,0.163703181857965
1.39111045639,0.346993001167835,1.19648323194035,0.14520053599196
-1.1107888794479,1.29604009949148,0.878633789004138,2.44855047622796
-0.860792586877842,1.45227966487444,1.90560684530976,0.266393685661871
-1.13173868085377,3.54191226547566,1.70709889373722,2.78313857947383
-1.4592139995024,1.38434208246913,4.81269802500434,1.38104665870023
0.0799825532411612,0.870691705437214,1.18903557765753,0.857446120229503
0.65320433964919,13.497019688799,0.153247163631022,2.11560394547009
1.20096537559849,0.521897313184746,0.606546098832041,1.24601564256733
1.04475108716773,0.366710258792898,4.48633997489638,2.14713115408463
-1.00320864683985,0.58560257867218,0.33984533253215,0.204668066096231
1.84848190167275,0.895462829197426,0.341033553704619,1.25524098549272
-0.666773408757817,1.82290278859587,1.36260386552186,1.23781142401921
0.105513812456069,1.51565101510033,0.57022500783205,2.18871666538311
-0.422255881868856,0.899648950564841,0.472660053987056,1.70863428993932
-0.122350171954971,0.424619188730409,0.693133717402816,2.40850327067918
0.188193034501498,3.08739389175976,0.322985782288015,0.470106492528615
0.119160957997006,2.4999772240395,0.46161772729829,2.33994095474547
-0.0250925508674029,0.484625140670512,0.135171250048362,1.55540824099671
0.108072727942033,1.9873042806938,0.626936150714755,3.26993520620028
-0.485435235846668,1.56844673934354,0.1624396443367,2.05344445990396
-0.504217130687904,2.84402870794743,0.050452268216759,0.634774765204012
-1.66109907991481,1.16140332216811,0.0215668995566856,0.163112759766359
-0.382333726873818,0.319477907966271,0.718975031912636,1.44308604748624
-0.5126502578778,2.23111040816028,0.386810970492661,0.802311381072615
2.7018910003448,0.482527902446989,1.55475944458487,0.0638912556381333
-1.36211623118972,1.69419768354423,1.57194785049693,3.81486368618315
0.137256218558607,5.33067979975207,1.7147944434026,1.55364703700809
-1.49362506731629,0.241997466891476,1.47903193338754,0.402030573488681
-1.4704357414368,4.76792309948322,1.78109864137116,0.256324790050592
0.124702386197007,3.86963817917667,0.18235750989721,0.0555367253025261
-0.996639134884037,0.589372553452199,0.823426414239121,5.03469726480019
-0.0018226143047082,0.77781017507598,0.398315853928929,1.51777719231374
-0.428258881425815,0.503663100258443,0.410565696191043,6.01241097900566
-0.613671606449495,0.565317560213075,0.748604751150024,1.28327454272202
-2.02467784541911,1.78538018535338,1.04082666147025,0.108313091188894
-1.22474795035999,0.406993116991185,1.13520862251045,1.28672299509041
0.179516441117938,0.826686375113103,1.16166374921323,0.905205209704976
0.567620594423535,0.865971416473156,1.06783042843909,1.09623131536408
-0.492877353553475,0.907943931907851,0.395597821567208,0.106712648923569
6.28840653511241e-05,1.19895064978834,2.13586847791428,3.71919292542357
1.12288964337997,4.93609340275452,1.00041684369722,1.25547813342427
1.43985574297619,0.636779561950843,0.773838641079974,1.98608462509347
-1.09711376840582,0.451635326394295,1.56283264729443,1.34827648117649
-0.117319560250177,2.20843550743652,3.0354768435721,0.321404495146813
1.2014984009197,1.46297538921581,1.89755851208212,1.1659219117661
-0.469729580566301,1.26590588813463,1.10039999797465,0.392938646018658
-0.0524694849389963,1.80577211257629,0.763143383906461,2.08455535696153
-0.0861072982370896,0.243672491788152,2.91675670428162,3.52316174355121
-0.887679017906432,2.89589956199682,0.292774551082402,1.47562178406103
-0.444684004884738,1.57446869506092,2.12428087542269,0.548246504179189
-0.0294448790882381,2.58910686641776,0.970957132945669,0.75903538212163
-0.413868849057924,0.549625735442518,0.741805252577079,0.0265267797095473
1.1133860233682,0.158509610989388,0.575670862104744,0.491893145657854
-0.480992841653982,0.615949971928831,1.49783425769749,13.3618320684112
-0.433169032600729,0.403795460538221,0.330102143809199,6.66889879841055
0.696862576552103,9.23280079660896,0.210910344328426,1.32788415703243
-1.05636841317091,0.661353638846266,1.14955526772411,0.301271443615047
-0.0406984751512149,0.805998137957468,0.875304785610889,2.11928008959858
-1.55154482234759,2.89498091925161,0.537943240720779,0.203533815576211
1.16716954923568,1.85957232144716,0.0204544048756361,0.455173168195629
-0.273645701374081,1.96023948475735,0.366430340800434,1.70410970096582
-0.467845324672254,13.9253311005409,1.12889567625659,0.444591306318765
-1.23825232798621,1.18070816544487,2.97048877907877,2.53241449596817
-0.00776203377732663,6.72058723941164,0.564069136511534,1.59363896575205
-0.80028217795166,1.28880882628997,0.0950387101620436,4.34759372494215
-0.533492329950436,0.232463520519982,0.747248894669857,5.14726001644534
1.28767524558459,0.107824729916815,0.0606082486920059,5.41924762174036
-0.175525870242127,1.91493475425626,0.176308660015996,1.02557494459602
-1.07178238415068,0.368155504030482,0.775619932237415,9.18857263145511
0.163206882467382,1.04286567823695,0.497495827730745,0.282263631017886
-0.36273841562795,5.91235187139311,1.26922501411171,0.174025777724344
0.590013547987339,1.41507520393082,0.763647810513985,5.4213788236688
1.43242192773099,0.750438597921942,0.0044442106545694,0.259585001587029
-0.992692511109493,0.145937526124246,0.407804414164275,1.13317025412631
0.454650297580283,0.449037395130234,3.34158166481142,2.18588708752046
0.0848980586784873,0.562357241093243,2.2639813030741,1.65887436398723
0.895565582264545,1.98219681595483,2.32231217796419,0.0159013054527265
-0.229778138946266,1.62167140298992,0.0699561250938391,0.853689703009547
0.836619068460613,1.01406135244393,3.911887424257,1.13099300293248
-1.74505586133669,1.19750920201118,1.27319460060321,1.42027776367015
1.68945892131337,0.749669191085279,1.07175818758097,0.577938441664868
0.864777978518578,1.03068870341429,0.475933724083006,4.10690875129303
-0.150775988885748,1.31215931009732,0.3430403606101,0.16774583801246
-1.44900713013917,1.56699289216608,1.39099192797186,4.1755607150647
0.643008700041982,6.21911527837183,1.48348882599983,0.121508507834485
0.483193863814768,0.328892703402638,0.412209226381118,5.71431631866239
-0.00635562642138871,4.37019413053289,0.615752335172147,1.76822404702402
0.151455892862424,1.9571952630172,0.439291862305254,2.03196526795486
-0.584108970349804,0.213241800459696,0.372864402830601,0.514291528094464
0.368806732630242,0.758018696564862,0.220966251280376,3.40151743840293
0.294654339719516,0.532941833070163,2.00436318517667,5.11100478891686
-0.279259373342575,0.393371645303577,0.0579942678816191,0.0678558750188549
-1.33623665489315,0.214834678418227,0.194494351874072,0.273217732903485
0.700748818440034,0.610118517563011,0.00985071342438459,0.26320895163733
0.554196622274033,0.647031683855303,0.0103620304726064,0.76681155290096
-0.836306592801415,0.723579630353918,0.0694079119712114,0.304870675921127
-1.59458816200624,0.127312113744509,0.0712663275194488,0.992397355707059
0.204958580587634,1.55504200028426,1.35314773763986,0.793727046071716
-0.34508797797289,2.10928968064471,0.25956996018067,1.06537178314932
0.252611703364455,2.2026096762104,3.12490465475206,0.203741071286812
-1.29400246548455,2.16136616820045,0.0558600098242588,2.25116468303275
-0.959170444380363,1.22202133273914,1.5946867930794,1.27875109662002
1.0857748536799,4.3420649577683,0.368724409490824,1.07936240742096
0.403774904715714,0.416255725036447,0.439285515807569,0.019405781708309
0.586487536719298,0.293286687203268,1.45281546729031,3.31829282110539
1.81522844615395,1.40191326285295,0.066981203854084,0.383702790895461
0.128821428602383,1.55398731212151,0.774974452289653,0.115827588233653
-2.00092923773151,0.474014933866087,0.158192788250744,0.282114519781793
0.33377719743357,1.03728437524317,0.453724158927798,2.18710829023584
1.17132512735879,1.38169309030492,1.30938834785939,2.53259257362468
2.0595392422993,1.46181093333635,1.32037980477781,1.18035073071952
-1.37686159824052,2.40261204063658,0.563644357491285,0.195915417815572
-1.15085556562711,2.54311062577887,0.273264655112613,0.983802480446221
-0.705821394760121,0.0881418771275097,0.117352666333318,5.08801355418475
-1.05405578207719,5.62935023004619,1.36548713963003,1.83853296515022
-0.645743723142491,1.57775451993678,2.75999290297244,5.36005941705732
-0.185377967676503,0.565321690725706,0.734166266354633,0.323787555081678
-1.20122205073999,0.328038466297165,0.428609740152014,1.70084169028219
2.03697216698315,2.47209078826114,0.888739876407099,1.89568086501627
0.107774744885547,1.3883222663247,0.024321855045855,3.16240174282545
-0.0841081005055806,2.9390604635258,0.00189158879220486,3.89529164535737
0.495619641604594,0.941467403181557,1.17431496358932,0.242868389021666
0.0374151861179653,0.783864769052416,1.24921788364173,3.06090515380641
-0.13208803695591,9.406703380316,0.729169842745078,0.958492593243058
1.4767874235521,0.130550784997052,5.74249897863636,3.5439113549102
-0.217030210092104,1.47833205899489,0.39019256738762,3.49012812776796
-1.28360220409223,1.46934003309301,0.125353435054421,0.816794346829969
0.385667890443402,1.55068318686432,2.21578948120912,0.204679649788236
-0.351512873529092,1.74742085213644,0.564280756749213,3.27208075974965
-0.521796093356269,0.758504624752514,2.73245346719835,5.7837318449657
-1.06813120068717,3.21005502577901,0.719283208302626,0.950164154033593
0.428365903266692,0.085925276791409,1.46818286096481,2.6940213168183
-0.174018234426995,0.446834830459712,0.570283752400428,1.22478860827512
0.515667728648029,0.88767947686876,0.162691785022616,9.51913390515139
-0.234365277305921,1.17729123272285,0.0685047833248973,3.98779537501176
-0.658503425821771,1.50152237149815,1.61932826406302,0.209685852306715
1.25023660407872,1.89522960663226,1.11582060619713,1.52876101010116
-0.271763715111397,0.221237689488432,0.0940818772651255,3.43333242478266
0.947951995875196,1.00770009884813,0.00744923437014222,0.274125438067988
-1.20158243010894,1.68905300870292,0.38298937631771,0.636954592166281
-0.466116096375502,3.7672145098643,1.75259087785127,0.435872434795845
-0.26935139515318,0.89264373164679,0.119774104561657,3.72809386248758
-0.390965408130861,4.94882155428894,0.144195731729269,0.0450651313748412
1.34870701199171,0.754629711091317,0.398891355740523,0.391628740320951
-0.0227647012984126,0.951326322701246,1.03893220477543,1.24695861918025
0.24422585110345,1.17376217863588,2.78441371006851,0.529461890390686
-0.942371707863923,0.605088492891573,1.45736339493635,0.152446819996837
-0.729217276509574,2.04610512873166,0.147943101984043,0.660356141870664
0.998068908554848,0.260334664849932,2.17801434347842,2.33259138403503
1.25848166459556,0.994372329696965,3.38413181139116,3.74229908529776
1.2488636888101,0.582432168214893,0.402786237181126,1.43428055037312
-1.38063704952533,0.578640587662123,0.3967723576352,0.843969826045691
2.04996069363639,3.16276102135467,0.754271031791803,8.4537325567087
1.01687282979954,2.86400123967554,0.529968655202538,0.531736623333517
-0.0267174641382579,4.94326739574188,3.31298701448326,0.748512395770331
0.703607778798261,0.768129613029541,0.261362549383193,7.48035782920529
-0.971385229151864,1.03293140840128,1.26755445446343,1.76558525938657
-1.09615624155886,0.211912185876434,1.59023690401557,0.870360357842939
0.0490504509375971,0.67829062664085,0.570934018585831,0.0150210198267738
-1.19849585655778,5.83659817116154,2.46454521814797,4.91351940341926
0.190018998559748,0.65933223086554,0.599432789254934,0.693797164527317
1.29770589960467,0.311505374033528,2.28800577843998,6.67482672014913
-1.03387372296475,1.04278452820369,0.0263010817579925,3.07870615651014
-0.738440754213064,3.47811030417998,0.974479708104259,0.199483851121328
0.0465639394508634,0.206393383162806,0.207875065971166,4.61482855921501
-1.01759611982611,0.775831073109074,0.0386197254691906,2.67114122400035
-0.383283959886278,1.59652683559913,1.10663147080214,1.15317085710243
0.872755411671398,7.224875445378,0.155659709125757,4.45798748919113
0.969545013970117,0.540313477026853,0.0284860069490764,0.656168249906641
0.383846665027094,4.56958139028715,0.383262487128377,0.401156109066046
-1.85155566306746,0.648628468682218,0.408498593094671,1.43697830861386
-0.0539967368261657,0.356643816525942,0.942165500981089,2.68773741873123
1.06477321433828,0.321636099488771,0.223503267712125,3.25857514579456
0.813195037411605,0.801638015397843,0.00302284384290404,3.00182911153974
-0.190816474104282,0.977834644002832,0.420027849264443,3.93565657062839
-2.6999298085637,0.724044931800642,0.122421154062267,3.72629012722973
0.0609666388011166,2.86401120005803,0.67408068664372,2.16491494370088
0.573751697483578,1.20869487973032,3.92027487398541,2.154010643769
0.0458035797250989,0.899579714276702,1.10796834617378,2.69336716521063
0.157412540175875,0.547411500908788,0.760940555441094,0.31491167230271
0.431565372868771,0.273619744227841,0.53124990430708,0.940885968018049
-0.396549736050212,0.140953301470409,1.46782234488967,4.2385049724567
1.30997822575155,1.23789422516732,1.57534748866203,3.46150615673504
0.470393399873943,1.02565955106674,2.14361037873927,3.11059423256346
-1.2426702705746,3.91581385028311,0.126436865422875,0.0370029187823737
1.38157545638553,1.33789008318403,1.53023937149885,1.17168571769395
1.20445893700982,2.21935741465406,0.934911211910558,2.04481012939164
0.824073963681881,1.04183790975679,0.485931290742456,4.32813919248564
-1.66262940218559,0.441170414992176,0.230196875520051,0.309792775836786
-0.569306343605481,1.33594731995341,0.434560534544289,0.0399820977531468
0.635513817289526,1.40464852493401,0.786789254744377,1.18607833666151
0.0437220075778579,0.441581476706268,1.78412802695277,1.40037540166793
0.348012303661307,0.971660014307282,0.374885994250519,0.648577416643299
2.45959354887041,7.39483402071228,1.17237683847071,0.255602525840229
-0.81838032439967,0.323270429413766,0.336483935825527,0.492804192307967
-2.11320011492914,4.35872067905761,0.0354625197917476,2.29552641295035
0.273695272430415,0.796865863203515,0.675352864898741,1.69969124330912
-0.687596841243412,4.4031077403875,0.26252034958452,4.4342113316767
0.446041052961866,0.430394446002422,0.879058134700072,1.27309544203866
-0.812384723790597,0.93594803008836,0.892789888153684,1.60025630374204
2.21205548033514,1.3651079344362,2.26716183299634,0.297751466099355
-0.12370597157743,0.893516722973295,0.27805528416103,0.427971699053985
-0.477335506030052,1.93235378767911,4.06365575434125,0.609923057844319
-0.166261491486608,0.846316818007077,1.60750215678456,3.34680015420236
0.862563383626431,3.34970896237559,1.57048556945267,0.754944568111804
0.0973404852028189,1.18580211261497,2.60626973012898,0.798900040991755
-1.62561673921129,1.99854544056199,0.797033814071809,0.0761125321448528
-0.0046207678264578,0.305579001457495,0.577364786993712,0.122308653130743
0.760242167662055,0.51768450256006,0.994100591090554,2.67773241891971
0.0389909128725626,2.97281093740963,1.71955903052332,3.34054830870819
0.735072141614441,1.66327066022279,0.487540324218571,3.27801259059832
-0.14647262699887,0.872924137450631,0.627389511093497,1.23878693520898
-0.0578873353812826,0.896925265043407,1.5160893126482,1.37229494465873
0.482369466104533,2.1273991141917,1.10578867043824,0.74556991236286
0.992943636775734,0.799465962082571,0.205067663810121,2.74303843941776
-1.24639549803204,1.07783583143434,0.801440334985084,0.612292222582654
-0.0334875248456097,0.192828361935511,4.91498308040598,1.56434639250593
-0.0709621812499963,5.89443900641671,0.474033513572067,0.580042540981147
-0.75892065373095,2.15107542762375,3.98060037733471,1.29201164098426
-1.03435936093915,2.29857149996914,2.98733538372402,1.29870783895089
-0.63073195397082,0.148754568492541,2.78604120228089,0.434021698323214
0.586807720012995,0.979378907398135,0.187758618731167,0.493071366823822
-0.416322656183652,0.664358136674195,0.132032581605017,0.349418617520981
-0.78488780950532,0.252489325457348,3.58636444630838,2.11964720513071
0.163416319486097,2.06975527239779,0.313190400600433,12.2314069089221
-1.23671423510935,3.43539111612311,0.282654301729053,2.67859040951185
1.04587377623667,0.575092486013879,0.319361591245979,5.1181030063262
-0.484595416218709,0.795177293953597,0.234204337466508,0.795435828372635
0.189128811680665,5.53705066976978,0.0998779527375466,1.74090856840874
0.0510063315749732,0.192086804318666,0.839409916619671,0.336726140273062
-0.000240668886441977,2.10480070446378,1.76363302652566,8.04054597038696
1.80938204244287,0.730503450751697,0.833471677224052,1.85798171146888
-0.825327957109945,0.891089113461274,0.200503282248974,3.77119431316955
1.14547045222799,0.542821716912136,0.052485603839159,0.0639818810356501
0.0315731875532431,2.99425477934651,4.64730410397979,0.636631699966261
-0.83520580530672,0.323949509216903,0.242494549136609,2.47249520799022
-0.0687636490165125,2.61852057547062,2.65616228977654,0.14822036525195
0.746771687012467,4.08149774832937,0.346700835041702,0.0341950854012664
-0.425518734394604,0.193660334237899,2.6051973942038,0.158922961716956
-0.772082235193457,0.324034854762188,1.6889264769012,0.774036688450511
0.152764106747895,1.80677859985292,0.157470111661655,1.69997327027547
0.988596845178799,0.384308709068928,0.242928187828511,2.47440172913749
-0.073458334672174,0.500809301369583,0.0305788661329064,2.72701499029706
-1.38702655355974,0.640598254018713,1.49848834416809,1.91888251209725
-1.30667590437536,0.708585727681402,0.3012390926305,7.1586037074641
-0.768395325077939,2.0212137256328,1.6569429579282,0.328957260238869
-0.527108125374458,0.547164514070364,0.620504076347231,7.23763858252057
-0.0214270650416246,1.09346375247546,0.208541741995615,0.43795667919701
0.670498070996282,2.09069100810567,0.862268063197744,5.30749805823323
-0.434617038572407,0.2142997711129,0.324169642757624,1.14311657606738
-1.11387978331285,0.501760536186712,0.11725369602853,0.187902771781574
0.6071059948785,2.36267265739223,0.977299997541022,2.97328083450319
0.275456968739591,0.686245570601746,1.49212575642674,4.16519754121496
1.15734706941474,0.0792551035409436,0.366446848220479,0.0709388073865592
-1.68248085947826,0.424090149918757,0.176565979607403,1.0612694830677
0.0873190888948744,2.26149569634789,0.131153090595734,1.3921458425239
1.35336189394267,0.652731829114037,0.104337605182081,3.0166353063123
0.724173800683369,0.667219074116801,0.204894958995283,2.2600081414976
-0.832552825764212,0.86435715282912,0.218788787722588,7.29442175622485
0.732528486768414,2.05333719194053,1.49528870164397,5.8330760551764
-0.871926869997213,0.611958534886062,0.621051622088999,3.28035354233379
-0.453397511229793,1.60955611887046,0.0687112961895764,8.33194892222338
1.18753427862908,1.77385238125141,0.911162503952992,2.22076015646866
-0.290145311790079,0.361006405255856,1.97605363643708,5.58207026059674
0.828546144965436,0.940002979129539,0.113969229161739,4.95200590020543
-0.291227708779169,0.583736788949829,0.30265421140939,1.31160239298207
-1.57636240474791,1.51733381577689,0.257903245277703,0.450114358856667
-0.848815696948922,0.221291010046015,0.754849708871061,3.63133986330414
-1.0885198619572,4.6607199306813,0.248926718253642,1.50143297165521
-0.484290571117173,3.84209614437005,0.535024915356189,1.96013396940638
-0.336311209009573,0.430479412954587,1.06560130785675,1.28439354830989
-0.153357890661644,0.511772940543648,0.615885532926768,2.30544418182856
-0.243247228574846,0.403133523477267,3.08166643215303,1.19901863906031
1.89220204160011,0.872370864818938,0.25682111736387,2.16200073788701
-1.38599833728542,0.605901429768118,0.99450205355407,2.3657557069099
-0.41482430070778,1.11922719962949,0.63511810451746,0.754796645500664
0.349081528106831,0.153321606092985,0.808780604931426,16.4564078008374
1.62844226581541,1.17180666326016,0.657426274381578,1.57227004190591
0.0885218957136163,1.0156844002889,0.468771981119274,5.82595529733333
1.23915070840056,0.201774718021969,0.0688339518383145,3.30303803379186
-1.64455553575371,1.3178124001246,0.806471721227181,0.115767801795175
1.44635652537848,1.05649057796047,0.576138590462506,0.872852733198916
-0.690560171665183,0.794078183500998,0.180287629831582,5.21985694535553
-0.276431085453852,0.986870661083668,1.53005516756992,2.27132199510784
-1.10941875989944,1.46953966108451,0.258092035073787,0.523611129222346
0.133869316429452,1.41442588955599,0.26550152913628,0.397060596019431
1.78533905173155,0.6494608248307,0.092569325617874,1.03215894444277
2.42216335525159,3.1587552422925,0.77695484591129,2.36373460468342
-1.07682890211841,0.964127055362522,0.680807608179748,1.37767864747781
0.485941110403099,0.873015977273615,3.62344954046508,1.20995331680211
1.38852173874429,2.5718308689614,0.17558309296146,3.79443641843585
-0.195656817284544,2.69673386646271,0.490570668596774,0.22118427592034
-0.218174797706211,0.496252824668913,0.683146701660007,0.517756060131908
-0.304777954546445,0.371183521400393,0.641561204567552,0.229715280960479
0.597832724111443,0.49380328349068,0.378794996999204,1.97003164623447
1.39742941081576,0.308579462034144,0.0602525258436799,0.447279721846868
0.687619761239963,0.16843641629994,1.06626422746505,1.66514724362149
0.320188014296969,1.36425367632335,0.0051617573994428,5.77697606174826
-0.301869925777261,0.864926833696787,0.00830402970314026,3.52139344577909
0.498348685557949,1.90132260841487,2.02313284567537,0.445231671881095
-0.549536917916756,0.998342013679131,1.18988339785011,1.63993817879878
-0.279256503637243,1.50555704919969,1.09441516823591,3.91878719426275
1.09651344311173,0.608926232620948,0.15737337259326,0.764012945608788
0.442013088178811,0.38285155151113,0.312899357639253,0.991805501230925
0.241016294026112,2.17740156795826,0.744806938762677,1.15542911229243
-0.255607655355518,2.14067375084787,0.187048628881258,3.46314179108065
0.931032901484882,0.176627517647333,4.50571264673896,2.28431434947315
1.33491258537547,2.40438619792738,1.0195751748559,3.5629059157486
-0.869271763875442,0.169759688521713,0.102691150736064,0.845331146822841
0.0554869546651026,0.955340627284343,1.09791252385349,1.97688789465704
0.0490669131919192,0.673766104686988,0.366511957254261,1.90765612707283
-0.578355728360897,0.879803874336721,0.136034266557544,4.79213810244352
-0.998738655996004,2.99288478074487,0.0967963421717286,0.346487008191335
-0.00243278000660164,0.285013748188261,4.16162465860076,1.44076234002487
0.655511882812969,0.766834946311302,0.585062295664102,2.83763523063939
1.47684227897655,12.8494690322527,1.04479071307452,2.12468369582351
-1.90915278827921,0.228023563667158,0.569591828621924,3.27933580531557
-0.702439473312409,0.534412338652326,0.520555046387017,1.03613266625348
-0.311430218011919,0.959779198687906,0.528808158356696,0.979379030284919
-1.66315703066738,1.22134562207091,0.244813199620694,2.73230860761438
-0.75053344179229,0.586662489081402,0.210926681423508,0.931186489255988
-0.777351759181508,0.766414358363726,3.17857155762232,1.23628805067952
-0.722569699859602,2.95691890020746,1.0080589886671,2.69154945331808
-2.18883459914707,0.834647766526075,0.0162263545207679,0.865467654002461
0.213418550286554,1.28602404014647,0.930197538765979,2.35080225631938
-0.631922936254832,1.44707204431396,0.628030493855476,4.40798247401315
1.52049119383216,1.5023555745655,0.739851877051306,3.49398560878114
0.795955949415082,1.63641032927197,0.2776114086929,1.71296136499239
-1.4535295651328,1.05615249082836,0.854363859854861,2.03880273957445
0.0983954210058388,0.492296512586756,1.30181703432919,1.67250259985112
-0.593770984233154,0.943394486492574,0.00182569632306695,0.0355270038350317
0.888281168634515,0.381584933649696,0.561285573523492,2.66321088346387
0.0530704154986665,1.09789344813368,0.396655744407326,4.89232885903713
-0.557023625844656,0.706168689218832,0.92751871102326,1.35713534542859
0.43839703617272,0.88839888844911,1.71837735394783,5.73670733425875
0.152608158642419,0.333173815345561,0.0869576215739707,0.176524953824928
-0.164617581749564,0.753462211787319,0.955147951838593,5.37093657188272
2.01989062147597,0.336305712907882,1.55052731550279,2.95991737012255
-0.529385886317261,0.666533056062836,0.0098124269432342,1.0656618651155
-0.470786972984042,1.69368606883759,0.214584846515208,0.0225615296533535
-1.54593692401752,1.2717831639268,0.635092773940414,0.480155880345904
-0.0405267232951771,2.45557870188326,0.199893974233419,0.75594185972195
0.890356305470676,1.62900292782969,0.0302460882812738,0.383352125179251
-2.07138785092921,1.11850320254914,0.038256922736764,1.27968171667844
-0.250065120073019,2.71370089493682,0.941863714988748,6.79048160432905
-1.18165042665332,3.29272934417121,0.940859926822496,0.928419287968039
1.44193726501691,0.246748034285017,2.07275666846874,0.798796341707462
1.35789553887886,2.44036528885436,1.20213886893925,1.57728037962023
0.33450284734065,2.17702435660469,1.19574056561561,0.659338768138912
1.42933808040023,2.56488723924125,0.0248347041197121,1.7221187708062
-0.867317850878684,0.403006449959559,0.787953981495155,0.246933804663971
0.950651724971886,11.1220635703176,0.659457392524928,1.42085839811465
-0.585011508633235,0.0747018684597529,0.089206482283771,4.40298964714241
0.320957522525629,1.00688664212493,1.66618643878939,0.0613924228081578
-0.299396016664908,1.12536414635271,1.51627593997866,7.25974395559837
-0.278543083293069,0.860968529427414,0.566474583931267,0.15382028591528
0.546115158329532,2.11250255108606,0.717896906613295,1.72422335317919
-1.30382115364487,1.13205527364681,0.790082124019873,0.841230240741627
-0.25091446504246,0.459298594745203,0.19383600121364,0.775345226491714
0.17100737371791,4.09609182415378,0.0795048034112641,4.18898242949246
-0.403467478747509,0.745342221594701,0.264527108520269,1.44235324581564
0.104659440835727,1.84168082226771,0.54912992174084,0.781858565602772
-0.318880786734009,0.51349751967275,0.0124569133149202,3.99799529854274
1.61834393588343,0.346496390210105,2.62594750436769,2.11187368476917
0.714188601488617,0.545616626480665,1.72991851151469,0.701013720969617
2.96586536983324,0.347551848477922,1.35445889360727,0.567279082868682
-0.795077604559211,1.70421820140181,3.44424841536169,1.54080694508217
0.814365914679913,0.211804285004602,0.12618987223365,2.11449277401174
2.09803081013037,0.375878447678456,1.57324716626647,0.597327609054177
0.30098005515257,1.02759215831812,0.213753528427333,0.951280277798758
-1.08307514183923,0.179860753884532,1.71251713513916,0.654940124192152
-1.00632250180328,0.603573155846529,1.88791281250109,2.23600277703989
-0.035414564917612,0.73718037029798,0.0375125645659864,0.612418743508146
1.30912436085341,3.84232724122602,0.0159448755297525,2.2904543584057
0.750400486646719,0.772953265522075,1.01975084419527,0.735965384952967
-2.13836832761242,0.59256938896168,0.883879005866957,6.37109480109768
-0.700354108866634,0.515190883729671,1.61821334428134,3.44300470915797
-0.00905647529298544,1.56395995831134,1.08398309897546,0.180214607787326
-1.45813348724477,0.726547815477714,0.411882049869746,0.18637377479489
0.694529646494869,0.580550289678386,0.907908808249728,1.67905061444786
-2.46133547518649,0.756030588616262,0.914080352248766,1.70241814407907
0.143289764040456,2.90151379874977,0.437191186938435,1.07891842395857
-0.391222119127056,4.79622307664559,1.37498033135654,5.269393907421
-0.491164085614075,0.525653999161338,1.51984459153357,1.01053904220123
-0.283647452452051,1.02073376744104,0.865412739994836,0.830596469958725
0.314794804707843,0.723116845118563,0.381198555696756,0.0528626124892082
0.396326577938989,6.40703126315119,0.294095593038946,1.62131702691122
-0.22560371103596,1.80536718026959,0.847960803418834,2.1115655401052
-1.92495043034056,0.168532491919487,0.135176184121519,1.70126864556715
-1.43922929832198,0.647841831525935,0.0938735720966894,4.670002208858
-1.4696577739724,0.100988390761172,0.22605378762525,2.36605488263359
0.761863446891932,0.91122517534369,1.2473035333258,0.100713830455489
-0.24361498187128,2.02175198199511,2.97260595635905,0.765195267145989
0.269676607418008,0.408816196500947,0.435621851658819,1.07269757461962
-1.55892752095582,0.277341191616556,0.488220089115202,5.22468417219978
-0.535588006696314,3.51059020933771,0.555791791528463,1.35787235187173
0.562451973173495,0.381124197384121,0.0860044710980505,0.959699543380882
-0.178326123419918,2.47882307515318,1.19950746926935,0.415621073151957
-0.115135986202651,1.23871383770791,0.954564259345544,0.37573410106385
-0.0720614721063666,2.41336761502378,0.181128499563783,0.18864146693075
1.2109098069263,2.72520866169514,1.05993753201784,0.362170890425049
-0.614896900799703,3.12648854622122,0.362176644150168,2.97648229042537
0.676126458314701,3.44194201834075,1.1775813307193,2.14109089380637
0.898599605537552,1.34366574581964,1.37114540483327,0.398774709637075
-1.18931790352102,1.18739404015872,0.498803723699367,4.23238293333392
0.121258849819009,0.384662372997738,0.587598291691393,2.97058171054904
-0.0112216861304115,0.298075305596545,0.661825894378126,3.35061960126369
1.02914071931376,0.548053155398093,0.498180988244712,0.684110514473943
0.914774867719613,0.873003131074808,0.23690713616088,0.679128007140754
-0.00245626667956324,0.372591443672401,1.28519461392881,0.172704627554377
0.136009552413727,2.29773766424558,1.23913484341921,4.86831612749445
-0.720153544943125,0.451554359225971,0.0503747180680254,0.680124019524767
-0.198124330051216,1.4056004977583,3.1847397906888,1.00309726133912
-1.02920880604827,2.38793701689254,0.758562467950297,3.37215476788516
-0.966955895852616,0.306615424605562,0.341350509626039,0.263094255120157
-1.22081308891909,2.78123194641568,0.423307145014405,0.0955880059815964
0.836207703944837,0.121427903853734,3.19757536036854,2.40949874433284
1.1149717984954,1.25830130118799,0.512627342715859,0.0391569143225204
-0.412944852927091,4.53448171533797,1.02187466171433,0.742463135928329
-1.12897739800683,1.74270410313311,0.444682042114437,0.228897554350059
-0.0879313317770513,2.49647266420076,0.0210380530916154,0.01369282569914
2.24190369331262,0.574993453032803,1.27316953330756,2.36482122181981
2.04131317075049,1.34766853658173,0.542442951351404,0.771763532869358
-1.71980033672145,3.02339248298939,1.54962234749439,3.6056995986311
-0.356906656122387,0.264702272437195,0.271636597812176,0.415186457909562
1.53328049216229,2.72289085126196,0.825798172650235,4.14107043398007
-0.0382440966102368,0.244313296868431,0.662185236811638,5.02082889388799
1.59741324232643,0.607270456422237,1.6924834101552,1.76005027485239
-0.333585393309883,13.773643194192,0.130616291426122,4.25795953653943
0.604985923915378,1.66639992511849,0.160695278085768,1.56153885735613
0.224241239250251,0.91316088857956,0.787395476846992,0.515428373412475
3.22906949548006,2.66116947707669,0.241431896194088,0.682468751497489
0.92045256677252,0.783637563568282,0.319169753767926,0.62321177777486
-1.20653906921592,1.86229381020614,1.02397040486427,1.53395415575317
-0.603881169163268,0.708507085039024,0.421556017361581,2.21735123596197
0.370235284622062,0.0948722009844722,0.447628242429346,1.87060873013944
-1.90100064667961,1.60381895696846,0.63290267623961,1.40570344413436
-1.80440994496324,0.599607385898371,1.37854105229945,3.795065495391
-1.12182260635522,0.563491967785225,0.408472011331469,2.83871674649903
-0.34792960655914,1.00380442224051,1.26809740714253,0.474363300533595
1.23890214863198,3.82879805250374,2.20936776126239,0.70045950385185
-0.274197564852279,1.34374637008677,0.246915354859084,2.30234339642558
0.162380715558193,2.32050989441576,4.18163855721183,1.18766416962145
-0.0646069097530627,1.87585451740729,0.362095047254115,5.45574976529109
-0.705237097025142,1.1069388352202,1.12334406092287,1.60918437375837
1.36219726875099,1.95642900380185,0.154549018945545,0.937624685822927
-1.09651318808332,0.870823141869767,0.735724258984938,1.84499489627381
-0.228433518546891,0.286701907404359,0.622129345778376,1.12294579822594
-0.347828080610269,1.41571576503565,2.38909021566126,4.17900362602658
0.532128619506733,0.102508079494701,0.850086983251286,1.82269911379731
1.60723456226119,0.372987944142804,1.41017101025032,0.137117874281798
0.513814526116594,0.942196579032521,0.344871875333936,0.989788584664676
1.38237316057303,0.851496839582953,0.283006589859724,0.517055871511008
0.763097048549903,0.656809326957005,3.71045417181631,0.300464917269192
-0.624584544634111,2.68744523703407,1.44433329991045,1.00813488018931
0.0815438004289869,0.343141015942357,0.588029562029988,8.74133806487232
1.37607911136477,0.0732671105662455,0.0783541356213391,1.23860260212439
-1.56126578615704,2.18245829048944,0.56354507477954,2.96268587059202
0.324770660594699,1.04613777554813,0.651233087759465,2.44772291553227
-0.156790316952238,0.897188621277994,0.350237399805337,0.938618915985094
0.877783860734352,0.676228454173252,1.24001128116324,0.587627507665161
0.750166575180638,0.185074005469657,2.89468343539124,1.20124194028263
0.30105340384283,0.385696512754062,0.0913958196352933,0.08085491258367
1.49281111722931,1.66099050155255,0.50077570322901,2.39556038370951
-1.5254938001697,1.01899423733299,0.118686012923717,0.524083835176364
0.910717558486022,0.241977538418505,0.0785256020226885,8.38870239569804
-1.57953202785754,1.81879088489478,0.014241565284053,10.8363054165757
0.587716257118581,2.19543372044412,6.52492736055892,2.38033174385659
0.0896422960007244,0.874036584154548,1.62803209005835,0.818935633084794
0.96726165694984,0.98374701101317,0.408532582689077,0.32038753434933
0.0788123529148234,4.09243606734954,0.446222784469599,1.70819808630839
-1.56869983648609,1.48414477728239,2.01085893056336,1.78553593425705
-2.00782318401609,3.38676479536723,2.11215077886794,1.59396238271266
0.540973524238763,0.955923669370642,2.34406677062128,0.886649712366946
-0.0733765981084255,4.3906963871582,0.589792353566736,0.868341266160333
-0.571018393558081,0.92710932451906,0.0634974076277695,4.81471928999547
-0.311068459853641,2.50364697080855,1.98163582562449,0.864153007842473
-0.671415067101365,0.708377090240573,0.28083587391302,1.10834372634016
-0.157340452080979,0.340614937238225,0.110795459492455,0.906074621880483
-0.93130507099987,2.72264743154122,0.768200348112574,0.299718099877678
-1.98300947947013,9.93440555475026,0.403698687907308,2.26637267734717
-0.219599804249378,0.721893169693894,1.03746714811296,0.691579033949803
1.04527586946239,4.34426301934183,1.68864201000872,3.08825972006238
1.87732956629967,0.78906314222178,1.10436818371983,1.77160766867453
0.00260619595716637,2.51807096395147,1.10735941115291,6.46310632536679
-0.0806699347091655,0.371877118198905,0.796264742456232,0.183985937649954
0.96298228123987,1.3173817950572,0.514614758081734,1.47836630161841
0.0535710165465174,0.46595738685217,0.999915433185929,4.95141174220766
-0.434898408910037,0.258693327072243,3.16141150449428,5.81800333721615
-1.73729725534231,1.92518951111771,0.831021553320565,0.345198723979325
-1.26369559978243,5.00104434865551,0.01700480085652,1.26471719861977
0.406308512069273,0.454522907143951,1.60336885034087,1.35284078868274
-1.45965396777976,0.413178278320812,0.324567675124854,1.52008943010317
1.0484573701547,0.34214706771523,3.48215608854403,0.0976026667659876
-1.3464305394502,0.632458305034228,0.503427850082517,0.321644178457709
-0.193570558113494,1.94574904409386,1.42776184399422,0.798006438239665
-0.00233595711367605,2.03852847629395,3.57674603249621,5.11922920891961
-0.0128297338671881,1.55730105114672,0.153675412134941,0.317152045439095
0.151947321984398,2.13739396174777,0.0257458434282451,2.31245027009894
0.598511131401079,0.625704123350742,0.399909712839872,5.7486682418233
-0.126212437298279,0.841381598734317,1.09804941243948,1.03853189921382
-0.248535565846776,1.97792813302011,1.13768919832529,0.0799350590128819
0.160327394904622,0.754592562103212,0.795669998931599,0.721941427732045
-0.433641941597269,0.38227211771704,1.28246358219059,3.34689596944805
1.53741241910027,0.252170421377933,0.226163693362639,0.125589437391547
-2.17024657661608,14.8438648228389,0.441168205812573,2.26336336385916
1.02700461929143,0.182735586123704,0.411510999626993,5.02701608123983
-0.248482933189933,1.02975061626452,0.195594244742786,4.44899492279359
0.422320385832393,6.91929811592776,0.261258389335126,0.844788765149999
0.987653293639674,2.31060842009864,0.599061041139066,0.235305401092631
0.835568172035023,0.830816496441767,0.200560584664345,7.83584936207791
-0.660521859045705,1.70459778173443,2.07630408546867,1.35857322079521
1.56406949329184,5.95931917407672,0.107816848298173,0.846485466823967
-1.62297593529155,1.20879962267766,0.0513836550526321,0.453130398534108
0.863896373478988,0.566041709280003,0.399762614630163,1.81576768713854
-0.5116027734362,4.27119199735171,0.152550659608096,0.461036845901736
-1.9173650254454,6.48176890685706,1.10697739474,1.87839222599845
-1.86581384861995,0.37360548407352,4.39296211649604,1.47818790931484
0.245179063439689,2.05188065216554,2.33071218750368,0.894553736886203
2.22353430190807,1.13808530910459,0.271101342048496,0.20614958425996
0.273376064144465,2.01706061160192,1.04173439550669,3.19388933634179
1.13078479452828,1.69333140118212,5.74075625803242,1.64439089130531
0.838669374060099,0.979695863398829,0.650051974691451,3.37913066190116
-0.654615277878206,1.5499939803942,0.287031849846244,2.72216519800543
0.953960978479396,0.298039704223782,2.33981595362041,0.519632892945625
0.352951465489323,0.245509424414921,1.24369380525769,1.15729661460585
0.206599292649613,2.05597288075016,1.43343036985936,1.68472199441944
1.00111323431025,1.08984502068763,0.342041326221079,1.02088513206197
0.747451991640276,0.876676661661656,0.92042864761771,1.01259292890397
-0.626574836723139,0.187111238828754,0.527039901353419,0.593701240989738
0.395223685936714,0.565809408962514,0.527229382656515,1.20330677727931
-0.892167954045577,1.21191911775724,0.0318546623748287,2.01126612663619
0.630818410091773,0.614883216699505,0.321326735895127,2.85816963719039
-0.432705183284567,1.08467891573022,0.0332855177111924,0.538097630659971
0.452138644218517,1.46946332160177,2.07393555893543,0.974937339501491
0.367999045196345,0.871532632171371,0.746687851804209,0.0985206688145887
-0.270387489661909,1.53356196180849,3.77669699268699,3.05666742861799
0.465512617712979,0.784220970246775,1.24364338811011,4.87721691854267
0.574356225626969,0.727346115167672,2.10397564083352,0.0200076558869714
-0.230699990157411,0.775609277864618,1.32793662692876,2.05709215828412
1.17224250830245,1.8943720851902,0.0642437756357297,1.5362500623171
1.39270270673312,2.27292007885117,0.216700350865722,0.351293477290141
-0.661991255709585,10.3344098206391,1.30199681963296,0.678025411858678
-0.777369206725014,0.374071786448296,1.45625119834187,0.724860205606686
0.51353857890878,0.492895822820596,0.186416244993871,3.47565801306245
-0.913312238041272,1.90436591728046,3.00744003040676,0.208101143158096
-0.449423805250301,5.14314793102556,0.207798100542277,8.82630245546892
0.802932699103618,3.40978136929689,1.88318330227377,2.08104513211724
-0.573476850981104,0.626437908353591,0.471735793631524,2.49114945790367
-1.92812516784833,0.507513958638525,2.43991337035839,2.55527302901483
0.664390833822148,5.4542889982475,2.43993840540264,3.77001329563848
-1.60254022379425,4.67788858038178,0.940264691556704,1.34673887884266
-1.35460025745385,1.23927631469035,0.780696262563479,2.13773999257768
-3.0179326794179,5.47771638340702,0.249069124381013,0.57627543253426
0.831237822230063,0.992044980332719,0.50147841360441,1.30576851733204
0.251097088847344,0.441357371804002,0.760680220047844,8.17432448198586
0.462293465941329,0.950649189612097,0.507084471639246,1.42297963732425
0.844792223223237,1.08320158512697,0.083865859080106,4.3516375325865
-0.0419715243215621,0.210226218335005,0.394062442239374,9.95332796445032
-1.10557590570003,0.842401989259254,0.195251434110105,0.742443427383949
0.563775652330874,0.657962662733876,0.215763094369322,0.690268829841155
1.30336475581967,1.63441806595967,0.756981342057598,0.330972005690774
-1.50022093779466,0.587882352884254,1.63983555668827,0.326404876216659
-0.606989235119036,1.61966626333609,0.471657449730036,0.530511966227195
-0.292245065656577,1.70965404990374,4.87404920846029,0.128489957873393
-1.2896833433236,0.756294666788789,0.861575680742872,1.85213655458325
0.694105848774699,0.957425598655397,1.04137605983288,8.54474590031385
-0.599181902897119,10.8212878572535,0.40672606183216,1.60629682829861
1.25690664397164,4.70220295792396,3.8436291968484,0.519303861264749
0.053508013627363,4.73395970169916,0.36165832914412,5.63084836799976
0.728092517671852,1.05983287448569,1.2558525285445,0.202851575991642
1.56109806821061,0.431805978473995,0.286245811009622,1.67443158259416
0.26562475359719,1.77025472499074,0.52017176290974,1.97339990274359
1.07672625920727,1.06827776099596,0.414949764497578,3.08391856320959
0.210697931679245,36.0410833855255,0.954604772808862,2.91121189624238
-1.51167352582237,0.144873322889037,0.189547725953162,1.53372988334704
0.022402259913625,0.816414976016062,1.26714332956345,2.92395954562838
0.718136206042103,4.40929672641366,0.0272307735867798,0.511945698777947
0.48945701784227,0.122638239423957,1.30391588057847,1.45062190522954
-0.17388834587827,0.771322529990806,2.0624466202313,4.48302438585876
-1.2176994886684,1.39663802219475,0.148352600802107,0.86402525690425
0.646398368709462,0.802809690197065,1.27794000036539,3.13122841586202
-0.91645602834789,0.393855257752879,0.294567323983794,4.66744692814171
-1.25182344242557,0.884935765205951,0.390944715593125,5.95848109521834
0.594927718405501,3.81342762365866,0.535603373777121,0.685412275110264
-1.23281066518983,0.259673244557204,1.62459032415392,0.536346945370315
0.244364414906138,4.11581028368352,1.04234112049909,1.66661910445982
0.00277218534359506,2.49440181141724,0.262271647512916,1.21906443415317
-1.32820968602556,0.290344271065076,2.46836914668295,3.32587543555461
1.17969641183277,0.222960566571915,1.01548148314924,0.947817625603139
-0.592804999148929,1.03514207093038,0.265795004077327,1.50613629987486
1.19997831633667,1.33149137075068,0.292714909650385,0.177133417971458
-0.475033679612135,3.27464050581588,0.975166563284802,1.33068097053932
-0.575057096150816,0.963146864211599,0.182406889142317,0.166307012312542
-0.031226024608499,1.52252721245152,1.03713441170276,6.06444673038695
-0.358056995978456,3.63005021800697,0.520848893560469,0.6419561481785
-0.356601077647731,3.22421395320662,0.562658917624503,0.228703423036215
-0.877664383433726,2.28437771870188,4.6386801486177,0.0163752339672492
-1.21289712517796,1.3825326421451,0.362686272774892,0.750314106381984
0.613286618687034,1.46367502209473,1.69617063109773,0.690855067651899
-0.806203341462477,3.32882564552916,0.183714186772704,1.81648010113503
-1.3764569299089,3.01079977886849,1.39260774396241,4.77801122664889
-0.507847899163547,0.940338896990973,0.432770372834057,0.297288539260998
-0.800935486737338,1.43992339462504,2.60612331710244,0.404557935625651
-2.19278568567007,5.43333051257105,0.162349443882704,0.453776373139402
-0.290937149267675,4.35518466535462,1.82039823933485,2.19914448532553
0.167174121160518,0.37634550496171,0.419122475665063,1.54724248880142
0.294692356485688,4.25545493724715,2.53396744827244,2.47431985369948
0.392741265420726,0.91772668578737,0.832034135195327,2.00147838645585
-1.00084371300082,0.207262369735806,0.63167236931622,0.721813523207324
-0.325727119823434,3.64179306074277,0.152819977607578,1.17128534960579
-1.00834880542884,1.0881377572821,1.02716212969553,2.2181152589261
-0.635431482033766,2.6301634603433,0.909248488779054,3.89818926838717
-1.20984068798734,6.95258125497524,1.60876542556894,2.67637981032054
-1.11646380065269,2.94430453515815,0.717286404180241,1.56703652092183
0.629881162575935,0.702160318686006,0.201227540615946,16.1161349318729
-0.272521570178626,0.873783081426453,2.76768580997798,0.147894345465555
-0.258841168378671,0.372643741152445,0.149819763123491,2.6374903384286
1.72955817989149,0.439679975082374,4.02465980292714,0.00170789121759203
-0.0583921654073717,1.63155071672196,1.63627037025037,0.0686460392486995
-0.537063784608919,0.741353685711215,0.0372487693093717,2.44833670070685
0.74728669616574,1.93141886991591,0.625394586473703,2.81220869102652
-0.487257835389733,2.29885126845375,0.716319362466105,1.22799401494932
1.3729077814795,1.43830201447718,0.105937101412565,1.26306358720412
-0.377672360646221,0.671228503255615,0.402267672121525,0.833237383515607
-0.616152614118394,0.223592520301618,0.65550772799179,3.71354819610453
-1.16812505107469,1.12145637482861,0.930026291634399,1.90827987102484
0.328640358591086,0.354227251884634,1.30226624100925,1.33335721534709
1.46651062744016,1.90785365864567,0.113192449928586,0.824644753570124
-0.356009545088913,2.16592040416772,0.164746373426169,0.38170954133465
0.261467641877431,1.37164967546984,1.27353743180157,5.88725690047551
0.333328855175731,0.354122342667735,0.378732286107244,0.865725884504807
1.42219324030954,0.46994609136079,2.0901603976867,1.67850233294195
0.663876600666173,0.611705507184992,0.152309651486576,0.159022850023109
-1.07365515569531,1.15861548528774,1.74607095094296,0.858710536648367
-0.69690177466674,10.5539800350367,0.540603324770927,1.02954125321384
-0.746130456934561,0.398252613757606,0.225769483949989,1.63684271215818
0.141572872132219,0.115689224385892,0.0176206428501123,1.42900620019034
-0.00394722073065307,0.886565695547294,0.0821505505296337,4.76717302657156
0.367937501091765,0.432036877601241,2.13397571820812,0.293227231695963
-0.657342914697247,0.113899373530562,2.62115965957258,1.26321648649083
-0.376346670161052,0.417150597976513,2.47822244639013,2.0986616135652
0.741360060425085,0.688266370948377,0.639667429961264,0.656553240817735
-0.0996067564484702,0.33214033217574,1.33149395599486,8.66193228355665
-0.654289878607095,2.04553600577271,0.142321181405475,0.356205147919882
0.971164374061271,2.47846720273629,0.280565225686562,0.29918586814824
0.0134963115683865,0.722668163531714,0.948339845348337,3.23030949376679
-0.916534667021545,0.227276956549003,0.796373202423465,0.445532125883095
1.70968856126164,1.81152881668456,1.44084685473683,6.40745278978885
-1.16810098994666,0.425336487883276,7.34088037493539,0.809757392371119
-1.78103626015252,0.436085245896714,0.946546849405186,1.66847796681222
-2.25313244856822,1.16079697307437,0.111126158899235,1.45298393735838
0.6511259695467,0.376760323125894,0.46569414017722,0.855581186530153
-0.532832625602767,0.744766593015517,0.766993056940746,5.99302285111644
-0.275559356972283,0.462561889514627,0.495044846033492,3.05237897233944
0.289626972629046,1.48035763977262,0.992659928235126,0.000533314489686895
-0.466484061790764,0.42899676327998,1.74307605057004,0.211641148222746
-1.60806017494469,0.430090369421307,0.607870187144727,1.83660086152261
-1.94978379604199,0.382170496402488,0.567466618493199,0.880465075146213
-0.340699918230981,1.01111092624964,1.32382702264459,0.183785370606821
0.17472552733132,3.37012206717471,2.63625928188179,3.72175654664424
-2.27777756077723,0.411116555059011,1.69785687318983,0.0593261559318511
0.290524480947084,1.24371300142052,0.261669505853206,0.777825422562252
0.422306357473614,0.518862169937484,0.53900896338746,4.4220899098361
1.29473736320671,0.33671586080701,0.248104931235984,0.880430850132849
0.164714018573954,2.97763957614563,1.67012343174758,9.57071823449689
0.204953840800235,0.565962576819814,0.779106231364322,0.513567790056806
0.604603626725806,5.05718563825509,1.01195524535598,1.83218465054276
-0.0191407691689314,0.503088869488982,1.46962680286708,3.06964710054944
-0.0797143473788086,1.92899029646969,2.49216715841187,0.360409755689486
0.115984464402805,3.03645955068614,0.101277036592364,1.13941669579435
0.744173364048388,8.5055656371868,1.2403727788058,5.11327465312994
-0.431290603527693,0.435625735481535,4.4363240485353,1.53054712283737
-0.499528951911234,1.07940056668054,0.00971672219709931,0.795301097842875
-0.865162076755711,2.54931436411555,0.652354097925127,1.36846629859175
-0.957757283271874,0.605520595296944,0.142857985105366,0.513911305512658
0.326799971338638,1.8127652898523,0.235183680430055,0.56732672995895
1.54737222568518,0.650085641162812,1.22298721592398,0.842273656236297
-0.968859568864431,0.321956430154295,3.95690419317639,5.17081869041618
-0.188440426259463,0.106760042135638,0.433555457741022,0.245871669571704
-1.03000116145592,1.67303538505774,2.53332285872819,3.05718371521979
0.908086441860496,0.710414188350832,0.0518352030776441,0.767476492922245
-0.317381864708129,5.57268747621554,0.0356986788101494,0.428078484918545
0.179003966540422,0.327463752750051,2.05369064017179,1.94348550868956
0.348028187729177,0.613558528034133,3.58096127899722,1.78981739514043
-1.05427902127444,2.24191921941029,1.03382286704601,1.36024328883798
-0.104744288110701,0.770274186102298,0.140717125032097,2.0854265869466
-0.228342617094529,1.62915246232289,0.0275529293291484,1.4891616861004
0.675355562427539,3.86817887352372,0.594061258714646,0.74259990954219
-1.23324469350631,8.81818080941929,0.0171666996451202,0.380981133241937
-1.19996154442278,1.05273033812655,0.111375805921853,2.20674334995843
0.765866576616108,0.432533523238729,0.544702714774758,0.81968334799111
-0.588097861282977,0.338031899981699,0.591563018601702,3.76728760827761
-0.660295829975576,0.578953700573681,0.399840455967933,2.14012625107974
0.113013522197344,0.652783530473413,1.16483143154056,0.818735015302911
-0.320398799686039,0.297899959444825,1.44469484864714,2.06366597194477
1.86638149693879,1.81810181453004,0.501802589278668,0.0295689238843967
0.259531455767799,4.15326922460595,0.712289919072441,3.70862125067561
0.16156007091807,0.64191548609238,2.66731429273698,1.40363834083168
0.931074909335354,0.353336836604713,0.82815666213156,0.473624468631598
-0.0599467492596211,0.279739328687392,0.602260385639966,1.41373811643994
0.0487397000774502,2.16009372511533,1.41555514273963,1.22578393205393
-1.07287540073396,1.03202472177061,0.0123835070990026,0.779278479445153
-2.29297143048067,0.148844260466877,0.189503689516209,1.03619176927963
-1.20720685006434,0.883596138933214,1.04524033698709,2.4050604403425
0.114109429797191,1.00032843113514,2.64933079114048,2.28456134645883
-1.03329707910538,0.430082449896863,0.556779688224196,2.02583302372421
0.688807752342063,0.294836778074523,0.177113217164187,0.233078535751264
0.725083017674864,0.635727037801381,0.440190290566534,1.11053703350686
0.217380210939088,0.495434595309797,5.97919546034107,1.61898921098089
-0.201656731618378,0.509471999074502,0.510235133580863,2.18719154939065
-1.36568986058868,0.0999561998458832,0.490058137569577,0.862832917059991
-0.30893760867716,0.86128234215649,0.229609909001738,1.24774684828561
-0.452902886537227,2.58232353853181,0.712994473944318,1.23260343401448
0.663229144519792,3.17835084644098,0.54250102655067,0.780159557464619
1.3086295367487,7.95939097218881,1.67656485914233,1.14606489569432
0.501040309894498,1.30380898688077,2.49623573372576,1.60594734244257
-1.12828853519737,0.349237235741089,0.311894525308162,0.870789260277704
1.67099730539817,1.65258749140834,1.17721124827386,4.36006077180831
1.01035303245212,3.00370048374956,2.28252229486114,0.350137746792733
0.223521215874458,6.5962732496879,0.633509743027389,1.48169170492886
-2.20648459320962,2.25072750765403,1.02095012362571,2.86514960220891
-0.954585618553158,4.12986124185183,2.06911467566135,2.40884699086921
-0.0685730672102366,1.55141885370214,1.05709320975451,0.989201430842008
0.76130590156527,0.278732814925126,4.62446992446609,0.196414349370365
-1.17990419995829,0.422581392735255,2.01212971462848,0.607936634583213
3.21119895676729,6.59944711435454,1.26141367755355,5.4906261532228
-2.55382485095083,2.02200038940615,0.393047046847641,3.23310655877203
-0.235933949334065,0.512876334957796,0.0181074249558151,1.35612658908653
-0.259562643261435,0.493755737758729,0.568794856779277,0.96972224882612
-0.663366916619193,0.398232776170521,0.412849499457045,0.531196129192003
-0.318990710826149,1.16006181442513,0.424463818315417,2.9793242799304
0.742395157572315,0.778787262324974,0.871778805395833,0.645307861501993
-0.874292675785773,0.389937443459001,0.986487963194859,2.18572144536785
-2.08281376630328,3.36759560244784,0.232774995733052,0.259585646546823
0.0937679028102175,1.01873986086701,1.39611900933349,2.93031947154474
-0.00181981200279561,2.13364481795888,0.468676583375782,1.42516340539542
-0.013100652371574,0.68381853244893,0.614089160226285,3.28161430809543
0.667968074558104,1.19118512314792,1.04875510461153,0.362391376179318
-0.0131677029521626,2.8109522614745,0.49614186026156,0.630340656581247
0.776047030476303,1.9654554417409,1.21096807001361,2.29708663331092
-2.01073533263526,2.56326347848699,1.05350912609514,1.77891687233828
-1.1281804949718,0.160955061751619,0.77804692689531,2.6523147179428
0.34879957158572,1.19387507392928,1.55753149456325,3.59356222305382
-0.352898482096924,0.825465456581216,0.226652225440162,3.10358091328614
0.944774597917623,0.521942051345565,0.379562913050242,2.39141288047586
-1.00471985252646,0.570811445864541,0.672847599722445,2.36147538079835
0.723902732496846,5.34288512846764,0.675252402201295,10.073074984097
-0.668832740990364,1.53807956180703,0.295597527176142,3.99711969985808
-1.1130401937158,0.865362642210194,0.943552422295225,1.60071464208055
-0.342805189366945,2.55748847414189,1.90127088679912,0.925743050360401
0.0497793231687396,0.579553818739448,0.237198363217662,0.927430996529545
-1.22768196152554,1.14895216163293,1.41827546063582,0.209219990763476
-0.764005910827448,4.24975916109315,2.03670782401207,8.77162698041714
-1.24618206161788,0.71703682049573,1.06921310782529,2.85821286704302
1.01677397775977,0.449708235405542,0.209450791191039,2.50850909865592
0.723612624058863,0.57793565205466,1.36344604748757,0.0692843728787561
-1.03252713710511,0.34965923798442,0.550111459102482,0.421130101984644
0.557346004122758,1.2874486780253,1.08013147484036,0.985732764683157
-0.255581423099522,1.38799721277483,0.817509963432639,0.250330389097902
-1.11339175714667,2.35295597753545,3.73970002473748,3.35276268243869
0.421197439614804,6.06031798591293,1.6566079348913,0.451107258919966
-0.322950311846374,4.0765082941691,3.24946068210487,0.939570100647942
0.880179901191522,0.286278033828862,0.371728521156633,0.545661224719998
-0.194863606775901,7.38247430773998,0.916322040222359,0.254217852137816
1.18805498210378,1.14944416137178,0.997935392851842,9.59007272559643
-0.509764511767954,0.679315841015866,1.05991587891392,5.30660385636036
0.219548010873294,6.3957626838402,0.104503942187876,0.897925363255967
0.370294421364558,1.53549896135366,0.412329434882849,1.09837219015559
0.279108393730607,5.64511257364555,0.2329083848757,1.87598937010696
0.201942437313324,0.957409887967594,0.579263883570476,3.25147381019926
-0.0129965424313442,0.481386013364797,0.74925386435808,2.2075059993521
-0.09086500607749,0.140020830770873,0.121005459688604,2.23356943325956
1.36503136531884,3.08596778617808,0.173935063648969,4.46376895947419
0.908130568883166,0.411443163607798,1.54315297110918,1.62499264884966
-0.609888171401906,2.39015749292099,1.15232488788189,0.0418522490010497
1.39643722121945,1.12737685466035,0.533070321490599,11.6553130596602
0.144798373308446,1.60389483776347,0.246569716674834,1.62464227033362
-0.640606771595302,3.54890785551279,0.183867077808827,2.44258045965821
0.169802259558534,0.615502433944615,0.506358342245221,0.232738088418499
-0.157187487420844,0.630316259604201,2.36082109610055,0.199982973227064
0.100939594546104,0.793137771980872,0.919769622343493,0.679141427823345
-0.97339415414828,2.88739228841344,0.606269164476544,2.7713272021252
-0.819825275253199,0.622018337913644,0.715754979336381,3.11657174460304
1.36291896902543,0.839028771109805,0.545481707435101,2.72450078255854
0.961370930531278,2.21737596513968,3.6450945639745,0.508030330368933
-0.883724474401114,2.17873692318387,1.13386237070967,0.811104244920793
-0.900092115436322,2.21843627319226,1.52661026074531,9.69371569065524
1.72333313279683,1.05027451497898,2.03002348347547,1.6450850943324
1.90904216212893,2.14387070274561,0.985110141294909,1.10374096335102
-0.777141195855263,1.33108323032955,0.322713144123554,0.108361627722267
-1.30230526261311,0.531094643034265,0.456794364896282,1.22125363922988
2.62349516681868,6.07623026086952,1.09616362671824,0.028223163043446
0.229628914346807,0.155204609231996,0.363313382957131,0.129047462644034
0.186749892141885,2.32920819933934,0.961131609934282,4.69111666400603
0.0761366349502805,1.4072925524111,1.42414845975563,1.132573575858
1.40486018632133,1.02303899665824,0.72217725399406,3.45683927827866
-0.191722235336317,0.542590716361985,1.60768491417901,1.22438163259116
1.45939216415609,0.770645524012028,0.257735579229396,2.93046409001493
-0.220655451134541,6.0840483086484,2.08768844611188,2.00925578270794
0.50514588627314,0.907556671368756,0.296058177016675,0.159679534915719
-1.03349700607288,0.680800001319333,0.69601570438118,1.73614465565732
0.17047347145922,0.415462823629718,0.760468187699926,1.2838386966186
1.20066816089193,0.609218359142584,1.48012373106989,2.3765100606934
-0.163405914765736,0.919162404453045,2.08180887358281,2.10938869920473
1.28247586312264,0.257246099402612,4.25454546858497,3.65532962609126
2.72719638791127,3.13521520219461,0.177538735469873,4.81283364829394
0.941924217330924,1.10277203034673,0.102892402093858,2.82862543668457
-0.248614037279559,4.32763424341937,0.0499797536644937,3.66138178419682
0.0964788597064851,2.69240770988655,0.474548069294542,2.99931066211661
-0.433930941301739,4.11396280751619,1.17483667093785,3.97145455665175
2.17866786745157,0.262922026141215,0.381357607741421,3.30610242731038
-2.95877961913012,1.78529494770899,1.63723535082283,2.26895067656904
0.0808882391991137,0.696406864302006,0.300061137415469,0.19600451959327
0.110137804617221,0.954228183904392,0.878755823667062,5.70404650162418
0.213448326312653,0.549098480799191,2.33293730566714,1.62731469279279
-1.55781961263232,1.2399914609007,0.379441009834409,3.07717517718635
0.216211546257758,1.09815498528333,1.37259827922554,0.653224989005137
0.18766381702644,0.120051505578523,0.416647295467556,1.72428664674922
1.2586221252136,2.34536980499849,2.11002424532983,4.57633915671666
0.523517780908964,1.16692790381043,2.1883075676491,0.941592652079476
1.11545427747996,0.378377978365879,0.70229094051404,0.226048621988854
-0.95750224217047,0.332396137560271,0.229272513184696,0.0199662392887786
-0.124405579855432,0.501453253995237,2.10866968879912,2.28821625893378
0.191737829049968,0.205227753837642,0.496490236371756,1.96702272660767
0.272217250603347,1.14770703176063,1.40917901854468,0.128882549796185
-0.693814463673255,4.49220626878084,0.23258760990575,1.68850751473217
1.47917192085213,1.21273918111167,0.567192126531154,2.7683863538525
-0.611767021642771,1.69410526554045,0.132989187226776,0.498866527602845
-1.61430997435935,0.226908984508904,0.932442603352366,2.44679454927274
0.402490110590671,0.214552519740458,0.830246791399392,0.0792569582408865
0.664555447289484,0.408022529428776,1.76463655813038,1.60611086074068
0.944127070994937,2.05663258900867,2.5440663526437,2.53928854906352
-0.946260797708288,0.412919778963242,1.9396761394197,5.50461961040318
-0.248288449238896,1.74822069626566,0.00435506156524889,0.174358824785868
-1.32843646853908,0.803532613889856,0.400805807164683,4.0368756908749
0.844763742098917,1.4675927631173,0.811930625657451,2.97567050438043
0.347696732438648,0.353765819975144,1.03965639411927,2.97577721875018
0.913762586431107,0.387130958719517,0.21657648216933,1.57603102379063
0.608274553380681,0.901080253292625,1.68680855022907,0.213724557247083
-0.607547987804487,0.811629679380271,0.252400259520671,1.88088359690756
0.179658070871844,0.167172311143804,0.556826323270798,2.48560694333057
-1.90840941941738,1.71101099522323,0.0519184446893632,1.25573217094473
0.502946257689095,0.142317319503717,1.24567404198916,0.166207847994788
0.968899153478499,0.660185474445885,0.546653745695949,3.9609614132488
-0.875737125773327,1.05667762580651,0.120533290784806,0.791740883891379
-2.13602453869801,0.495593264910344,0.83858172218771,1.05545533123174
-1.52282758158501,0.245652085035323,1.50356315673639,2.67628681822544
-1.11311820788607,0.671108852488437,0.263696759445874,1.59113545261787
1.2409838955359,0.895456352528027,0.0839993479085639,4.2781623712439
0.00348193506299025,0.396897010528595,0.45173122594133,0.112251453176832
-1.23779458599307,0.257369366951238,0.217424511443824,1.73510485552238
0.555699118898025,0.302823702496976,0.0532336491160095,1.58754133084191
-2.1831493493599,0.589495743658493,0.0930140415837937,1.12526274101712
-0.247024457097248,0.635955372759587,1.74363248600605,2.88720891000563
1.11285692758645,4.13499117048473,0.402337715495378,1.7060538401407
-0.341673237009086,0.276462208766699,0.175614530220628,6.47845339429765
1.30543834214107,1.46396563128009,0.719589880625618,2.34978016613087
1.79532387144079,0.658712174362488,0.262468875385821,0.42836493405947
-1.16783522747345,1.09730966042277,0.0968440235592425,2.82526399306966
-1.15228762498202,0.515001978913024,0.805336438278367,3.89083534996085
-0.914455469345649,2.2318423035854,1.47142877046787,3.33704354701731
0.528728032533629,0.182121242631036,0.228013984368112,0.453398586738874
0.835078927048582,1.16638249280866,0.262335531413555,2.01844749910974
1.20913697409153,1.02641844005961,2.98194339109545,1.11747701960566
1.29947254536082,2.87445582790911,0.754343768257438,0.0438099241743606
1.07573230420989,0.798941849989559,0.280788945499808,0.186187207547433
0.939801023514297,1.64311920449643,1.7080769612545,0.334245082965686
0.163374693406766,1.49127872206005,1.59958198844435,0.000122590146327031
-0.888138558640392,0.52365995262706,2.51935972819541,0.387376863980979
-0.72616098275635,0.919649403439605,1.40528174853864,0.897924395655622
0.407597005613739,0.87492142206662,0.321200889069587,1.40135401072177
1.68353633925179,3.06364031853074,0.187478300184011,2.47226387474551
1.70597982356461,1.27025919802902,0.216040205676109,1.94081561283438
-1.92616670082608,1.33723254823732,0.747688428534393,1.25984490328653
-0.833998015228465,10.418691143623,3.25390560908203,4.13008608039276
1.41913251633319,1.51633784059028,2.02519194959643,1.26608418069873
-1.06410971501924,1.43689003170788,0.838031994160489,0.121707126065742
-1.61357747248045,1.70179338178551,0.0839969301596284,1.22400255931938
0.599811088697427,4.70225527014854,2.43110976492705,1.82535594043503
1.73296470538705,2.61558635680648,0.830860782780821,2.21960615209225
1.93450456245773,1.40275222049542,0.227564497850835,1.49133152192536
0.532820575670794,0.542833300038568,0.461812548805028,0.534478297779392
0.719665756019785,1.42911025369293,0.0554482783190906,0.247882621199252
0.560093385755184,1.1520105035271,0.325794286560267,4.74714267039837
-0.018086931659967,0.159407518891599,0.214208355818177,0.854017547547243
-3.37173908255051,0.214160178475922,1.41270710333231,2.44633615176906
0.760703244759755,0.1662300071507,0.649080697912723,1.46342494258442
-0.39122685224321,4.11449007746364,0.0301937202864001,1.60475058883573
1.00990122381185,1.85584086855104,0.216253659222275,1.83322875210056
-0.626973147073749,0.095325742207079,0.10146811903769,0.773853965186462
-1.63457736950186,1.59525179039442,0.6554174721241,0.131414733171534
1.24524265203048,1.06591324434872,0.264995052721455,1.88906803935461
0.181377446555404,0.773940376101469,0.855842889244569,0.529095375787474
3.4953042639856,0.474961259009653,1.05110954041229,1.69112454531908
0.915591913326913,0.281105488397676,0.0243814694031032,1.59593173386359
1.04850651742624,2.36937926640076,0.236818464672445,0.139388231599728
0.763824936934856,0.561617271921761,0.231670890003443,0.695983799682982
-0.603387376859399,0.876106738128348,0.766872639725816,9.78283242543832
-0.370429662702776,1.7982754109314,0.117476345971227,6.62045344135027
1.05982593833365,1.70744871521334,0.125915409681819,7.52585183867324
1.05511052983939,0.674752085059512,1.40282853870633,3.67553865305217
0.582972161120319,0.582393223751532,0.0031268502799508,1.81093974269671
-0.986567435539539,1.29621815758596,2.25281867931101,1.60881361901687
1.68462181174398,0.307808094190208,0.554255464627538,0.422569191327924
-1.36684104568263,1.35817037098797,1.4580157714987,0.297441046745384
-0.433214348611114,1.18943835975576,0.967917132149351,0.835046594793312
