"","x","y","District","Height"
"1",0.955433802990004,1.0215941568744,"Zog1",170.828219797903
"2",1.12240817974395,1.03796394827599,"Zog1",160.367814796219
"3",1.03598138270574,0.94976765468907,"Zog1",168.650993790053
"4",1.04007714505941,0.966679261633058,"Zog1",153.070064576454
"5",1.01106827159451,0.898142461689291,"Zog1",164.006309775806
"6",0.944415886524593,0.892820877352442,"Zog1",168.031093962082
"7",1.17869131368031,1.03035286414043,"Zog1",166.503317069645
"8",1.04978504782292,1.04482097786294,"Zog1",165.13497689352
"9",0.803338284337036,1.00530042267305,"Zog1",159.91030147634
"10",1.07013559015637,1.09222674678797,"Zog1",158.447313112243
"11",0.952720859227207,1.20500846856271,"Zog1",157.226342000244
"12",0.893217629401315,0.950896883394347,"Zog1",165.218769714179
"13",0.97820250853417,0.769083112435919,"Zog1",157.762921235184
"14",0.897399555169276,1.10057385244623,"Zog1",160.961341428573
"15",0.927110877070886,0.929079923741761,"Zog1",162.60259818909
"16",0.937496073215074,0.931199138353264,"Zog1",177.302277571103
"17",0.831330668925759,1.10255713696967,"Zog1",159.83159422261
"18",1.08377870444945,0.971522699294899,"Zog1",166.042949540472
"19",1.01533731178365,0.877928228774546,"Zog1",164.940969481424
"20",0.886186306298805,1.01813034797492,"Zog1",157.662247095567
"21",1.12538149210699,0.986110863756096,"Zog1",163.896086931613
"22",1.04264642214768,1.00057641858999,"Zog1",174.507099543441
"23",0.970492851700773,1.03852804011263,"Zog1",167.555771906032
"24",1.0895125661045,0.962933996820759,"Zog1",164.683873988428
"25",1.0878133487533,1.06443765485188,"Zog1",161.4377657081
"26",1.08215810816375,0.977951343818125,"Zog1",150.022512983694
"27",1.06886402541001,1.03317819639157,"Zog1",172.314604028377
"28",1.05539176535376,1.10968390131493,"Zog1",154.170763038004
"29",0.993808828942328,1.04351814908338,"Zog1",169.574876110619
"30",0.969403733626008,0.967406841446877,"Zog1",177.758968519
"31",0.961952899898762,1.11488076184511,"Zog1",154.287991407675
"32",0.930529302107949,1.09935038559621,"Zog1",169.307733882101
"33",0.97920827219804,1.05483969595081,"Zog1",162.559861108661
"34",0.873460364843174,1.02387317351114,"Zog1",153.390234420459
"35",1.21689559653385,0.937209392396063,"Zog1",153.792569958006
"36",1.1207961998305,1.136065244853,"Zog1",153.184490319456
"37",0.887689141679665,0.939974041285287,"Zog1",160.678897879286
"38",0.959711516470092,1.21873329930166,"Zog1",154.162954439507
"39",0.953334464637678,1.15326106261852,"Zog1",169.210660945309
"40",1.07799651183363,0.976429964089952,"Zog1",179.096006118158
"41",0.991663093352817,0.897357909969322,"Zog1",155.386030202232
"42",1.02533185139948,0.92895934363007,"Zog1",169.909415466804
"43",0.99714532446513,1.02568837091565,"Zog1",169.778539221484
"44",0.995712954270868,0.975330812153763,"Zog1",166.720661587129
"45",1.13686022840145,0.965245740060227,"Zog1",157.336607276539
"46",0.977422901434073,0.904838143273498,"Zog1",163.559075288063
"47",1.15164706044295,0.995497227519108,"Zog1",162.432476188286
"48",0.845124719576978,0.921509553054292,"Zog1",168.336170267021
"49",1.05846137496361,0.833205806341186,"Zog1",161.788172241751
"50",1.01238542438446,0.961977347971224,"Zog1",171.234057241277
"51",0.962541914223299,1.99459718749146,"Zog2",156.967911084933
"52",1.10527114655793,2.01192452364276,"Zog2",164.0504038823
"53",0.895082299333393,2.02436874295991,"Zog2",164.269131933198
"54",0.873984475524189,2.12324758784853,"Zog2",168.028306134498
"55",1.32410399349424,1.94839361690552,"Zog2",176.799615848835
"56",0.958314241183957,1.9007492849608,"Zog2",183.749777921985
"57",1.02982275915407,2.16756969324032,"Zog2",178.531292518054
"58",1.06365696740338,1.95588367830947,"Zog2",166.766168354865
"59",0.951621937429126,1.92769340300601,"Zog2",155.402533336264
"60",1.05168620443136,1.87637268811167,"Zog2",164.976766056665
"61",1.03689645273851,1.87152842776822,"Zog2",168.32267566668
"62",0.978461949235831,1.9426026520702,"Zog2",173.613316133639
"63",1.00652930335253,2.06179858171665,"Zog2",174.435920884557
"64",0.996593274626154,2.11098481389297,"Zog2",172.488391111082
"65",1.21284518990162,2.07075883538356,"Zog2",157.931304656571
"66",0.925866390372717,1.96363427029047,"Zog2",173.645726424601
"67",0.890400373292534,2.00597499373846,"Zog2",164.572324590177
"68",1.00377883991711,1.92954035363199,"Zog2",168.921844006296
"69",1.03104807494431,1.9282781838426,"Zog2",168.220083345383
"70",1.04365234789102,2.08846504989769,"Zog2",170.695392459961
"71",0.954163466728889,1.89844074213965,"Zog2",167.87094998495
"72",0.893667386602881,2.19552939654925,"Zog2",156.025899422068
"73",1.12631851760895,1.99096804060341,"Zog2",172.853696858581
"74",0.965034961204644,2.02145388266292,"Zog2",170.400411083615
"75",0.913448713734663,1.92614722952604,"Zog2",165.83866372822
"76",0.97637204310589,1.94256113102367,"Zog2",168.525236682494
"77",0.980282410565145,1.86829838676948,"Zog2",168.636495622746
"78",1.11099202897136,1.98170746116273,"Zog2",169.245361385094
"79",1.00847372921972,2.04189824049245,"Zog2",179.18414826701
"80",1.07540537851845,2.03243043441614,"Zog2",166.164872452633
"81",0.950070798282774,1.92184635129452,"Zog2",168.87468279236
"82",1.02144453095816,1.9211378029146,"Zog2",175.876912216651
"83",0.967531408850916,1.94978012816571,"Zog2",175.077492268806
"84",1.00945835281736,2.14960606698464,"Zog2",175.71506687783
"85",0.910463664202246,1.88626963793343,"Zog2",163.65594909775
"86",0.868919846667203,1.98209484056198,"Zog2",181.715604217217
"87",1.1997213384748,2.19023618216789,"Zog2",168.165131201678
"88",1.06007088236724,1.98990251146712,"Zog2",180.766188018115
"89",0.874872863837506,1.86401592961786,"Zog2",158.241906302952
"90",0.938883408331958,1.93352305647259,"Zog2",167.845110209647
"91",0.881451991540269,2.04854599789049,"Zog2",176.447627101952
"92",1.21988103488837,1.96243971283302,"Zog2",162.691529794608
"93",1.13124129764335,1.94381236364502,"Zog2",162.429402327643
"94",0.973485494330365,1.96560827658715,"Zog2",161.128454179919
"95",1.05431940592321,2.00904966471392,"Zog2",160.330632149796
"96",0.958566005208114,2.15985087711458,"Zog2",164.638108372904
"97",0.952375310538442,1.99114348878611,"Zog2",170.01647931588
"98",0.921139716214976,2.10807994961515,"Zog2",153.598751619722
"99",0.940538273254049,2.06307541156506,"Zog2",169.182088138773
"100",1.16509074673367,1.98863601044939,"Zog2",176.354950430083
"101",1.20375740182404,3.25714581458666,"Zog3",187.178126593202
"102",1.13011759922006,2.97947007425318,"Zog3",189.032683131942
"103",1.0756774763796,3.06511932815877,"Zog3",187.461928248813
"104",0.827326960088567,3.02737664910365,"Zog3",190.159886897791
"105",0.939849329199322,3.10246732348183,"Zog3",184.72812251465
"106",0.964795354341738,3.08176594463741,"Zog3",182.691347546346
"107",1.07035239027569,2.97902068287715,"Zog3",167.085040477288
"108",0.989432866599623,3.03781677722085,"Zog3",184.936496012135
"109",0.874135137193983,2.90545911688761,"Zog3",188.599076016011
"110",1.16844357080941,3.08569230108993,"Zog3",189.334875027568
"111",1.0911391291796,2.95389616611156,"Zog3",181.700134682298
"112",1.0237430272491,3.24167733537882,"Zog3",198.043603509917
"113",1.12181086103258,2.83489511043118,"Zog3",187.592054078893
"114",0.866122571276503,2.9536012757034,"Zog3",186.471294150703
"115",1.06608202977898,3.08253798627592,"Zog3",194.492950597771
"116",0.947708762368658,3.05101325468787,"Zog3",180.557819592256
"117",1.06837455218507,2.9410518961485,"Zog3",182.434712774018
"118",0.993917804533993,2.90032192577925,"Zog3",202.36925050184
"119",1.06329607130315,3.01444757047107,"Zog3",185.664987452037
"120",1.13355176150594,2.99856925868331,"Zog3",197.022062091349
"121",1.00072900903169,2.82097187627359,"Zog3",175.51753662709
"122",1.10175586369521,3.00345510671339,"Zog3",184.253465527191
"123",0.881156596485202,3.01902303156925,"Zog3",188.236050466949
"124",0.927839555956398,3.01747263969818,"Zog3",187.687352957932
"125",1.15192177113882,2.89449829573973,"Zog3",178.547629324915
"126",1.03773879730239,3.04761332783026,"Zog3",185.721898063869
"127",0.794777717956627,3.13785701369592,"Zog3",178.045138569707
"128",0.863596254791762,3.04562364031798,"Zog3",190.576006418201
"129",0.979921898441088,2.88644115296257,"Zog3",193.180508770516
"130",1.08657794043345,2.95643545303081,"Zog3",170.012169266079
"131",0.989811674428478,3.03461036195536,"Zog3",194.236937377592
"132",1.06241874720207,2.93529543686817,"Zog3",176.899771663832
"133",1.09590053777878,2.78423536649847,"Zog3",188.77046802437
"134",1.16710548288629,3.08842508200282,"Zog3",190.20640160849
"135",1.0056016733275,2.91705223883755,"Zog3",184.187854344781
"136",0.99480180938191,2.94264397292317,"Zog3",181.071285443473
"137",0.824676264085773,3.15039006090045,"Zog3",186.744330290186
"138",1.00993275940878,2.92258550703946,"Zog3",188.658814046492
"139",0.942814994210444,3.08457315401893,"Zog3",191.770202881132
"140",0.902599041719591,2.87393171211812,"Zog3",171.220724254178
"141",0.982009376895246,2.9645457596926,"Zog3",174.132428265078
"142",1.10149431727437,2.99264439808635,"Zog3",195.599899529809
"143",0.800725151131142,2.88313485755756,"Zog3",192.913485071272
"144",0.957272071279457,2.93652517350911,"Zog3",188.634105783845
"145",1.01166372835827,2.99711584470717,"Zog3",190.593331991269
"146",0.910679242994505,3.06706959687339,"Zog3",192.007307564978
"147",1.03339029424992,2.83494534565749,"Zog3",166.960623552231
"148",1.04114299206157,2.96502457607887,"Zog3",193.359022817963
"149",0.996696384072401,3.07564064385455,"Zog3",182.192169965555
"150",0.753410180623997,2.94611908400224,"Zog3",187.20140095591
"151",1.97048421991164,0.992078829074141,"Zog4",166.298032715444
"152",2.08719649540787,0.990263073248692,"Zog4",164.868178850501
"153",1.96515275510444,1.02161525418012,"Zog4",174.756140536561
"154",2.05185037658882,1.08824651643966,"Zog4",163.092018915707
"155",1.9609315021361,1.02055975044834,"Zog4",181.09330043514
"156",1.89072127908985,0.938356415712647,"Zog4",162.40163781705
"157",2.12100105104403,0.926520074807872,"Zog4",171.412637974013
"158",2.07409000112743,0.986819720695882,"Zog4",174.436008922031
"159",2.17242622391565,1.0310016986579,"Zog4",174.812231287894
"160",2.00651539325793,0.896031964729796,"Zog4",168.592857267181
"161",2.11250027458282,0.981569113115762,"Zog4",171.261597881545
"162",2.19754190540191,1.09672672601679,"Zog4",177.433932976913
"163",1.9718517884961,0.989171990876551,"Zog4",160.509822494711
"164",1.86770488872448,0.930157933240561,"Zog4",165.232905933521
"165",1.97606484328619,0.972405483157446,"Zog4",172.947900114462
"166",1.97859587600146,1.1114648545362,"Zog4",167.591610065887
"167",2.01516805045093,1.05500439612141,"Zog4",180.295111872043
"168",2.17123049773193,1.12366758000816,"Zog4",175.41786095773
"169",1.96738561074947,1.01390978571618,"Zog4",171.210251181149
"170",2.03730046558049,1.04102750964904,"Zog4",160.150782691489
"171",1.97723159351045,0.944154308765187,"Zog4",170.887785491529
"172",2.0020450708525,1.06053706689303,"Zog4",168.490172836867
"173",2.03140576635063,0.949366645781076,"Zog4",169.988658319602
"174",2.1328214696037,0.857943449530426,"Zog4",162.434169324856
"175",2.01213183774908,1.01279929656841,"Zog4",174.195690221055
"176",2.07128423200311,1.19458512177314,"Zog4",163.432388832097
"177",2.07788600297835,1.08009143395731,"Zog4",169.121530044149
"178",2.09147732708556,1.11652533899463,"Zog4",173.375064720405
"179",1.94256054478156,1.03588557230932,"Zog4",165.220473391154
"180",2.16268812141947,0.939144282168378,"Zog4",174.786023754006
"181",1.9619043260706,0.979775914488972,"Zog4",161.489511102684
"182",1.98942158323502,0.972675189318807,"Zog4",151.036661161522
"183",2.14040502677142,0.953130022021791,"Zog4",173.959859849747
"184",2.12940839061456,1.07041672839297,"Zog4",176.588862702973
"185",1.89100081275888,0.880263649763459,"Zog4",168.704165949106
"186",1.91269289995825,1.08663661321128,"Zog4",174.233967696387
"187",1.86419209406294,1.08641524862259,"Zog4",162.61366823866
"188",2.01818471926198,0.880137764093125,"Zog4",169.815043666466
"189",2.01648408679185,1.06394919979005,"Zog4",157.114455281961
"190",2.03641146873551,1.24302266523445,"Zog4",178.973350154315
"191",2.05521577142186,0.944278451805839,"Zog4",183.724459945048
"192",1.9398107154015,1.08449042414081,"Zog4",178.22316973622
"193",1.90063014089013,0.92177981543806,"Zog4",170.51365514935
"194",2.10267850560749,1.11107114182028,"Zog4",170.471771518314
"195",2.07510613026063,1.02498247199266,"Zog4",160.092610552188
"196",1.84908334626713,1.16519153916232,"Zog4",176.237781321463
"197",1.99048525491507,0.854102927146308,"Zog4",169.229944649403
"198",1.91040521772435,0.994870211387464,"Zog4",166.107883436718
"199",1.7929248929458,0.94730748238744,"Zog4",160.820903365638
"200",2.01501201311881,0.98027351309237,"Zog4",168.606746437722
"201",1.91509388649833,2.0120719329287,"Zog5",176.529445489066
"202",1.96029694796722,2.08636484341578,"Zog5",178.720544124442
"203",1.87824000122364,2.13805145283145,"Zog5",169.802939401084
"204",2.16875894829457,2.19662480154556,"Zog5",170.637419794232
"205",1.9983997472792,1.99716049452509,"Zog5",170.685878406736
"206",2.10749450772724,1.77509489096676,"Zog5",181.383109643995
"207",1.73983003297423,2.0031526004594,"Zog5",179.168380597555
"208",1.95468021700052,2.020556120845,"Zog5",177.133688325909
"209",1.93245177084079,1.98446546528556,"Zog5",169.281491752725
"210",1.87770738206341,2.05682886207771,"Zog5",173.905567390774
"211",2.15466091542241,2.10106779645143,"Zog5",174.115909670154
"212",1.85847180802305,1.94820175698322,"Zog5",164.001164291584
"213",2.0318390260408,1.97059046728439,"Zog5",159.194745744364
"214",2.08464362855797,2.03978422088003,"Zog5",175.785687545171
"215",2.0178190188418,1.94497762585109,"Zog5",160.587703633347
"216",1.91247445225045,2.00912673834882,"Zog5",171.304663170999
"217",2.09411658067242,1.80382924011147,"Zog5",173.044612101048
"218",2.01705880818408,1.88801002786024,"Zog5",175.239949083751
"219",1.8936502093618,1.86722445243959,"Zog5",172.618861014213
"220",1.86119509523979,1.91463763032728,"Zog5",166.16290070753
"221",2.20867174344931,1.93066954720693,"Zog5",178.197438370878
"222",1.93214968545816,2.03823051425464,"Zog5",183.463313719953
"223",1.8144428346082,2.09821130025226,"Zog5",177.461129014088
"224",2.05332593627537,1.92726164709125,"Zog5",157.687321042342
"225",2.03102302560609,1.9003161017622,"Zog5",181.08991064943
"226",1.86461656642774,1.89583111410105,"Zog5",170.900485728306
"227",1.8057043586418,1.95854112736363,"Zog5",174.967277306844
"228",1.98836974828414,1.97609709318474,"Zog5",175.647110002707
"229",2.11393962917094,2.04836175338383,"Zog5",170.616074839163
"230",2.06361240351821,1.96786751578316,"Zog5",170.766034968068
"231",1.9507062575838,1.792151073114,"Zog5",178.426976836926
"232",1.91658117684156,1.99085657244499,"Zog5",176.274090809013
"233",2.02710667567505,2.11871868106516,"Zog5",178.224713073919
"234",2.01573533472162,2.11916012685103,"Zog5",187.973364218222
"235",2.06297117466927,1.92110367818888,"Zog5",175.943788397468
"236",1.96042020497111,1.84522234563624,"Zog5",172.744545453307
"237",2.08993540532031,2.24580604918653,"Zog5",155.81844557758
"238",1.91691884726638,1.98375780575206,"Zog5",190.134875374332
"239",1.966945529988,1.99025487498944,"Zog5",167.914139599035
"240",2.07408145237259,2.04205741886981,"Zog5",187.916020357277
"241",2.09899716086271,1.83859605433809,"Zog5",173.915382327644
"242",1.80614952985466,1.92717808888087,"Zog5",182.061888743887
"243",2.01071904070162,1.845955759471,"Zog5",170.524905103376
"244",2.06087790117346,1.93069053859894,"Zog5",174.873172634496
"245",1.85491756865094,2.01188494330046,"Zog5",172.790583209105
"246",2.04806255998752,1.86352905420131,"Zog5",169.990032455995
"247",1.91718257296032,2.05899826793673,"Zog5",170.450120579252
"248",2.10202530121644,2.02893440288173,"Zog5",178.382717702519
"249",2.05384820321026,1.90957849743794,"Zog5",169.882670322809
"250",2.07690522949956,2.02263249423811,"Zog5",157.029099890524
"251",1.98041107511702,2.9553040691038,"Zog6",187.668686350628
"252",2.05397906055363,3.27973911469581,"Zog6",192.339591509033
"253",2.06164557163514,3.28322260239155,"Zog6",192.423715203776
"254",2.06165678174774,2.87812881837098,"Zog6",185.3119563453
"255",1.83078984791309,3.04690319559554,"Zog6",184.962842785853
"256",2.03687420580112,2.97887530813678,"Zog6",187.665840131888
"257",2.09678592099471,3.0187051146554,"Zog6",194.591774393896
"258",2.12765786814677,3.02275427285688,"Zog6",190.132793275586
"259",1.97750387289559,2.8738099537131,"Zog6",197.181702444595
"260",1.96781074138172,3.02855895802426,"Zog6",187.097191775893
"261",2.1487837831878,3.17492473631418,"Zog6",195.030323105378
"262",1.83320719542207,2.98359099958652,"Zog6",193.331666045954
"263",1.95631700230869,2.98370732893015,"Zog6",191.435234095133
"264",2.04574620793575,3.13985720063375,"Zog6",190.053554816282
"265",1.83822262346188,3.0898396240683,"Zog6",185.191473088835
"266",2.02796278624318,2.83515051816187,"Zog6",186.387387304648
"267",2.18778640210522,3.02285569732622,"Zog6",188.756418338792
"268",1.99959393465637,3.16535472346777,"Zog6",187.492872103588
"269",1.97215459750364,3.14152763499191,"Zog6",193.753221147536
"270",2.04749117140341,3.04199516038142,"Zog6",186.385430006528
"271",1.97209278292127,3.07212208071129,"Zog6",186.658011417718
"272",2.08134003740791,2.88030647878113,"Zog6",183.760416255873
"273",2.09044354644497,3.03001315668814,"Zog6",186.18229556903
"274",2.00026916612301,2.90455510648122,"Zog6",186.669290372706
"275",1.88233078422503,2.95419819319031,"Zog6",170.954499451537
"276",1.86817792725409,3.09356036837796,"Zog6",177.596827988333
"277",1.94070026343447,2.88631068883089,"Zog6",186.643241499169
"278",2.07973805005498,3.02669182508731,"Zog6",185.293663444781
"279",1.80417948253431,3.04283320394715,"Zog6",178.744564571381
"280",1.81136748412675,3.00549119698396,"Zog6",173.209882636532
"281",1.93462201752399,3.18221888218354,"Zog6",184.670065329439
"282",2.03943948479806,2.89776526714247,"Zog6",191.725120228693
"283",1.9086433951835,3.06061302614356,"Zog6",199.563320292326
"284",2.08867490370961,2.99110694325493,"Zog6",186.881452312867
"285",2.03333699701552,2.97391677561661,"Zog6",197.602943753227
"286",1.98293603817614,3.04640912338524,"Zog6",187.731804972285
"287",2.08188281365318,2.89795994093161,"Zog6",187.95937459865
"288",2.03883651628194,2.86865490834816,"Zog6",189.424427062274
"289",1.95540649727878,2.95055191245166,"Zog6",181.056609152006
"290",2.02311149344182,3.17517571497554,"Zog6",186.788622378569
"291",2.06475133579776,3.00557647746125,"Zog6",193.509783760379
"292",2.0356283344862,3.03314343982279,"Zog6",181.902569360867
"293",1.93419897920505,2.98101533623225,"Zog6",184.899407379617
"294",2.08552022050642,3.04704927319538,"Zog6",179.116254615618
"295",2.11529362255586,2.90483204569829,"Zog6",189.631115243978
"296",2.02762745565433,3.11579104665686,"Zog6",190.124248345556
"297",2.01441046624622,3.05847052602414,"Zog6",191.689081327401
"298",1.99243749192202,2.91935471773083,"Zog6",178.611979648214
"299",2.21614158463028,3.0054553245812,"Zog6",187.901295112116
"300",2.02763155321358,3.07163316194991,"Zog6",180.542246027284
"301",1.98417059713001,3.05577309820546,"Zog6",187.147957327821
"302",1.74920821978027,3.14819340158769,"Zog6",196.549017308875
"303",1.84347182349695,2.93870122451052,"Zog6",183.625972860293
"304",1.99223267993894,3.11161366154904,"Zog6",192.167433115405
"305",2.02062940448431,3.10365480099412,"Zog6",181.902969780247
"306",2.02768724588616,2.98375168680971,"Zog6",183.800952395681
"307",2.08215067804486,2.90240733071781,"Zog6",190.221702122939
"308",1.98058475906795,2.89108548091155,"Zog6",182.396863975628
"309",2.12145887944826,3.0457786957945,"Zog6",175.229896022815
"310",1.90784839571304,2.99288732662791,"Zog6",196.006828915326
"311",1.87915572795569,3.17791026668514,"Zog6",189.673150533992
"312",1.87710138224462,3.05351379604962,"Zog6",183.065173784912
"313",2.07422970241865,2.96280551248365,"Zog6",173.192098357519
"314",1.99170800576608,2.89744577515029,"Zog6",200.466118268628
"315",2.07898179218205,2.94175983253947,"Zog6",210.883245617734
"316",1.97322935784429,3.03428883928973,"Zog6",188.603012720321
"317",1.94081078977872,2.95490653529433,"Zog6",193.099296401411
"318",1.96316474248735,3.05142301202307,"Zog6",195.722572053352
"319",1.81473831757583,2.96656619478302,"Zog6",182.238018834063
"320",1.88303847395859,2.98944400912055,"Zog6",184.692276261937
"321",1.85579653536416,2.92694903271922,"Zog6",175.060802612316
"322",2.10543222719753,3.19050435849087,"Zog6",181.99460224293
"323",1.94026699086372,3.03326217314704,"Zog6",191.507518349036
"324",2.07894598527902,3.02306336404994,"Zog6",185.115637944147
"325",2.1516490601692,2.83081375851159,"Zog6",185.651169129551
"326",1.98082251908901,3.06597918995493,"Zog6",186.362733008315
"327",2.02838789063524,2.89763764111203,"Zog6",174.104980991364
"328",1.82489324806039,2.91084784256457,"Zog6",193.014059408455
"329",1.91813302224802,3.09183411710216,"Zog6",177.046199646285
"330",2.00562148493828,2.95472993534918,"Zog6",185.690658731923
"331",2.02990869033362,2.82516277199968,"Zog6",184.080705634421
"332",1.92406018827011,3.17699041098894,"Zog6",185.620493150839
"333",2.26848589992268,2.76225930746075,"Zog6",197.370411481983
"334",1.95416098609076,3.05728115298596,"Zog6",183.076230443425
"335",2.006424355663,3.10172492490846,"Zog6",181.66896669885
"336",2.06497918671535,2.93690321333395,"Zog6",176.513071904226
"337",1.9973981365226,3.04442870514116,"Zog6",181.510763297554
"338",1.93564326129729,3.04391303883886,"Zog6",178.987356917259
"339",2.10453056639633,3.10406231529145,"Zog6",190.006273242571
"340",2.16155453232072,3.04840993879525,"Zog6",181.109620146778
"341",1.99703060289502,2.97551162209075,"Zog6",189.27894411403
"342",2.05622673454031,3.09159920579402,"Zog6",186.125657453897
"343",1.99025875014974,3.08006223565098,"Zog6",177.115714609457
"344",2.10164552177022,2.90634309658642,"Zog6",181.616395368774
"345",1.88438326057401,2.85992125660043,"Zog6",193.346437054237
"346",2.23208602239945,3.01602775399932,"Zog6",193.472182470515
"347",1.93964687522117,2.97260376252248,"Zog6",201.189662788937
"348",1.85411505855619,2.90144608874377,"Zog6",187.125587710034
"349",1.96490821728069,3.0083930679515,"Zog6",176.679862170958
"350",2.0146708484145,2.86800034735131,"Zog6",181.771730679727
"351",2.16236212076802,3.01612263513262,"Zog6",190.010069402714
"352",2.09112096767713,2.93750716124581,"Zog6",200.451604213096
"353",2.01424584320458,3.09571642741925,"Zog6",187.920713732911
"354",1.86105164760118,3.24244891411615,"Zog6",195.133357644732
"355",1.91339622553279,2.90840207563132,"Zog6",192.527219001679
"356",1.98367150677707,3.1057664170943,"Zog6",178.974008514011
"357",2.25530261134606,3.08251497277683,"Zog6",185.952861302979
"358",1.81397724257816,2.99298057756946,"Zog6",196.287480623267
"359",2.1131054651846,2.9546353625943,"Zog6",193.283322636004
"360",1.94727657427661,3.15753077068375,"Zog6",190.397222859807
"361",2.16659908999874,2.79945421817638,"Zog6",190.490449586471
"362",1.88607993600266,2.93568052084063,"Zog6",183.710812767367
"363",2.01436232346627,2.85631565563422,"Zog6",177.914952675423
"364",1.89004490582972,3.13953134389461,"Zog6",196.218630404652
"365",2.09035164263617,2.98092965673551,"Zog6",177.209113427164
"366",2.14837794887381,2.94753288005303,"Zog6",180.578378430892
"367",2.19507210064012,3.31840444740663,"Zog6",191.553404816472
"368",2.07976006575895,2.99499627321124,"Zog6",178.315288023106
"369",2.18432662545778,2.95562506881335,"Zog6",183.287556975923
"370",2.12464239086616,3.02998652501361,"Zog6",178.871053321355
"371",1.9868125088176,2.8431575379245,"Zog6",191.495294772935
"372",2.04770372382847,3.04903026426721,"Zog6",190.274840985299
"373",1.90280057885241,2.990383679892,"Zog6",190.103842721749
"374",1.9814797830599,3.04685251225301,"Zog6",190.247903273852
"375",2.12209637083488,2.90176293640621,"Zog6",191.051370093485
"376",2.05412841434824,2.89770161578521,"Zog6",191.626145312626
"377",2.04573573316253,2.93065853367238,"Zog6",173.370018972113
"378",1.89618689603128,2.92320104269072,"Zog6",186.108935339314
"379",1.93954867696659,3.12990499666836,"Zog6",187.937896556696
"380",1.92353939862464,3.15791455618081,"Zog6",192.223383287367
"381",2.03952958700135,2.98431080469609,"Zog6",178.838247336796
"382",1.90094923695334,2.96410634394153,"Zog6",183.653448540121
"383",2.0562041390099,2.96709611695783,"Zog6",179.635148933575
"384",1.88835835880665,3.0069236477853,"Zog6",194.551331357801
"385",2.18285304581354,3.00969042337011,"Zog6",196.104157951298
"386",2.04605913494781,3.02900343877656,"Zog6",192.664386946347
"387",1.92989963877467,2.92533210589537,"Zog6",178.593826190794
"388",2.02410459325012,2.91531036111797,"Zog6",190.314314685989
"389",1.9647546800772,3.11970776637461,"Zog6",195.203794173499
"390",2.03711479597597,2.94513726388967,"Zog6",188.326236733988
"391",2.02435327187603,3.03030456952255,"Zog6",183.187884538561
"392",1.89858858273385,2.99430294661967,"Zog6",179.547822184553
"393",1.92086861211805,2.90421506078493,"Zog6",182.493530299912
"394",2.02995936847396,3.05910619094115,"Zog6",192.154588360478
"395",2.16390519087516,3.0173104873493,"Zog6",184.129022166159
"396",2.10846170086709,3.13997833562125,"Zog6",188.743954448413
"397",1.93754325263819,3.0117459584627,"Zog6",196.215270438525
"398",2.08259229016475,2.96684542417991,"Zog6",191.198994452119
"399",1.99514316472437,3.02782949133054,"Zog6",196.703359339148
"400",2.03013136517184,2.88144083509647,"Zog6",175.23959125021
"401",2.02603614907366,2.91641059466064,"Zog6",185.185915910836
"402",2.25754497637234,3.05102732511394,"Zog6",187.606126005278
"403",1.88147111894128,2.9666879098776,"Zog6",191.200774910092
"404",2.01009198590129,2.99340390536475,"Zog6",178.96620351813
"405",1.82200227120324,2.9884778290578,"Zog6",192.793943856964
"406",2.05898359229588,2.93494873812255,"Zog6",189.302380401969
"407",2.10966084717214,2.79813113409176,"Zog6",188.997291964066
"408",2.14456622411012,3.03488349701766,"Zog6",190.710043410068
"409",1.80748547481629,3.07616395076469,"Zog6",186.336140789694
"410",2.0412769497194,2.87112837646499,"Zog6",193.629472558327
"411",2.15933699513837,3.14824027184586,"Zog6",191.688258284953
"412",1.95859841369577,3.03851548236872,"Zog6",186.099184249659
"413",1.9787849467918,3.13416402949939,"Zog6",194.433289004218
"414",1.99634627777953,2.90428295287577,"Zog6",189.198560663456
"415",2.0365018751433,3.01667812883543,"Zog6",191.831909664909
"416",2.0665159875746,2.98999860410612,"Zog6",182.991406377463
"417",2.13178208837115,3.07685074318818,"Zog6",198.213672727734
"418",1.9904512409555,2.94241404320873,"Zog6",187.122727258383
"419",2.01962780454725,2.99899023280475,"Zog6",193.085549251087
"420",2.24879978772215,2.82213408512561,"Zog6",186.449834187584
"421",2.0431098928115,2.92223785571295,"Zog6",185.193240519969
"422",2.01887531093298,3.01250338836651,"Zog6",192.641717585793
"423",1.86577568747166,2.92936785076118,"Zog6",176.058333356695
"424",2.00028560476222,2.99564305141885,"Zog6",190.499212903391
"425",1.97786738468331,2.95320740260748,"Zog6",189.905614479796
"426",1.99889541701906,3.06069301361615,"Zog6",168.283344284961
"427",1.94245823587288,3.11684883087496,"Zog6",189.729291168566
"428",1.93131843475573,2.91774985871925,"Zog6",171.971725637404
"429",1.92792263681799,2.96929634414053,"Zog6",191.769280507082
"430",1.97854954846002,3.14397612583697,"Zog6",183.973253735164
"431",2.13681326480286,2.78010767458163,"Zog6",182.286092092189
"432",2.10490866265593,2.96801622082593,"Zog6",187.102725746624
"433",1.96400248820569,3.20647042841433,"Zog6",196.762014183721
"434",1.83140835454613,3.21935900690643,"Zog6",182.703388328308
"435",1.9155416571464,3.01565953233502,"Zog6",191.057372926474
"436",1.95422394667595,2.91363910493864,"Zog6",189.538754947786
"437",2.01036380042283,3.01654574194904,"Zog6",178.894019464842
"438",1.93373927242992,2.9347225604053,"Zog6",174.963495747495
"439",2.20066806908319,3.14528172822915,"Zog6",173.202549470159
"440",1.97277324655816,2.9193517344297,"Zog6",191.009569349108
"441",1.87860555297605,3.03729115952087,"Zog6",186.907455438114
"442",1.98587382427175,3.06198500745687,"Zog6",200.104651794107
"443",1.89946224184066,2.92424898393041,"Zog6",191.166375626674
"444",2.01561557072753,3.08515246815062,"Zog6",193.098521106411
"445",2.02336336140899,2.92520700290837,"Zog6",196.491334966177
"446",2.03555876116284,3.0630239829654,"Zog6",183.645616183078
"447",1.83781417408758,3.10966616331036,"Zog6",190.721335366432
"448",2.02207112909706,2.90115570776168,"Zog6",193.232202760542
"449",2.03104500805416,3.11079950409796,"Zog6",196.736111684854
"450",1.85788915524955,2.95104671287876,"Zog6",192.489207893117
"451",2.09553656397304,3.0294353388437,"Zog6",190.098680080094
"452",2.07841708790943,3.02018374722888,"Zog6",181.073081537934
"453",2.22996193611544,2.95728036136618,"Zog6",192.257572395537
"454",2.01567029873757,3.02681028699978,"Zog6",190.652510975761
"455",2.0046733527518,2.87695690745762,"Zog6",191.590401644781
"456",2.00965858340824,2.9863863127815,"Zog6",190.116165187839
"457",2.00697662309003,3.08257908316652,"Zog6",185.737783555863
"458",1.81515272246623,2.78258753507707,"Zog6",186.612588579795
"459",1.83288729413578,2.85120738126417,"Zog6",191.962198661803
"460",1.99224610332088,2.8838062442403,"Zog6",188.352070417305
"461",1.94189326194335,2.84109103058546,"Zog6",181.339889848544
"462",2.00547365250574,3.04195830392964,"Zog6",185.119536030193
"463",1.78887916267395,2.9007071650244,"Zog6",177.916769799597
"464",1.85013017454732,2.7835452914671,"Zog6",180.38142655015
"465",1.88985165610613,2.93624312349196,"Zog6",186.138372377884
"466",2.09860582210602,2.96093647485252,"Zog6",174.563721974208
"467",1.89015099929099,3.08567854737781,"Zog6",175.330852546692
"468",1.92004860464235,2.88962478640012,"Zog6",194.868606264885
"469",2.00798738186741,3.11612892557387,"Zog6",183.114317399353
"470",1.96772536381749,3.03983627156286,"Zog6",174.188807761972
"471",2.0146417178668,3.03623521576355,"Zog6",186.36060719283
"472",2.23050619820457,2.91474743296855,"Zog6",196.398134739383
"473",1.88753963287418,3.1953667879898,"Zog6",191.786429947375
"474",1.96945303600902,2.98357291679028,"Zog6",190.240332257308
"475",1.94832405502563,2.81751024158217,"Zog6",195.436871254792
"476",2.15123954268325,2.97961435286075,"Zog6",181.750139781127
"477",1.92305150771097,2.8065555929268,"Zog6",192.258474208297
"478",1.99179130962243,2.96894898842133,"Zog6",183.041050558381
"479",2.07871336143227,2.95777729968104,"Zog6",187.15599917337
"480",1.89414094640516,3.06818296904034,"Zog6",202.651907104214
"481",2.1655175815742,3.10094961857375,"Zog6",193.936690638798
"482",2.06757624154742,2.92738950350988,"Zog6",192.526703864853
"483",1.89257933904696,3.0806108868375,"Zog6",179.392354486106
"484",2.04545778090577,3.14243231096688,"Zog6",181.64699842887
"485",1.97866928567669,2.92158559951574,"Zog6",203.139465230664
"486",2.03132287719943,2.93475956335007,"Zog6",179.49754452102
"487",1.99100248029843,3.06507783631537,"Zog6",188.652005495828
"488",2.10705160367783,3.01830479699439,"Zog6",193.398647286292
"489",1.86488996142967,3.05487749604443,"Zog6",194.281955675229
"490",1.94773833028041,3.14046842945476,"Zog6",194.774433945267
"491",1.97508093222446,3.03870831195764,"Zog6",186.008746939636
"492",1.90042012751487,3.10517012701754,"Zog6",181.403742988993
"493",1.89600449562338,3.06229054623372,"Zog6",184.999849237912
"494",1.99820197594233,3.04336203898089,"Zog6",180.835963809057
"495",1.98678248671433,3.03860844381844,"Zog6",191.540131070638
"496",1.74506572252496,3.12913233044581,"Zog6",194.993135067816
"497",2.10405734557194,2.89977401262893,"Zog6",202.041144736287
"498",2.02497257359852,2.88948172708425,"Zog6",189.713450549355
"499",2.24162073731483,3.05919460033972,"Zog6",181.027180228477
"500",2.06851982380511,2.98803103358669,"Zog6",194.321973909785
"501",3.09047588936953,1.05683985308695,"Zog7",170.683825111975
"502",2.97617513040972,0.892942946510961,"Zog7",168.757166918922
"503",2.84421450961277,0.834685097551911,"Zog7",179.179794579337
"504",3.07613098953939,0.995664723150625,"Zog7",177.698213933793
"505",3.11291443956416,0.996540649420096,"Zog7",179.870565456031
"506",2.97048921692941,1.23650555320028,"Zog7",172.663336463805
"507",3.0536242818358,0.87836526921081,"Zog7",182.46774157371
"508",2.97241095252495,1.0170906323349,"Zog7",166.400900038506
"509",3.06823152451375,1.08050530936222,"Zog7",174.267024684076
"510",2.98827092852851,1.10505928441159,"Zog7",169.680179699366
"511",2.96553241360799,0.998927551534068,"Zog7",179.374472526012
"512",3.01116204981972,0.925674385857075,"Zog7",175.519209389707
"513",2.97165946850177,0.993421594813001,"Zog7",182.377118632283
"514",2.94089828355457,1.19397559919372,"Zog7",189.018668142761
"515",2.96840630687576,1.04827390081758,"Zog7",175.593750781967
"516",2.99918478476745,0.795552292744193,"Zog7",170.866845494503
"517",3.02074951407185,1.14234591286502,"Zog7",168.844544974261
"518",3.15324236216258,1.05405026609151,"Zog7",172.767924184277
"519",2.86420021690465,0.996642822816247,"Zog7",174.121949205369
"520",2.98003809494471,0.99821363788899,"Zog7",188.551775462936
"521",3.06315231277808,0.98502102802066,"Zog7",166.705395260728
"522",3.17620209034429,1.02565594809552,"Zog7",166.956640004218
"523",3.04260143626155,0.949613306696298,"Zog7",171.753395227668
"524",2.99862465835246,1.027701125166,"Zog7",178.72207830438
"525",2.96924430904036,0.906864397517926,"Zog7",180.356945078054
"526",3.04143081641083,1.02001468752748,"Zog7",168.253619165199
"527",3.09890579201964,1.11068374206664,"Zog7",175.498432304339
"528",2.98161416894539,1.05092061136538,"Zog7",174.308911214609
"529",3.01637614068466,1.10337496764511,"Zog7",182.975607352872
"530",3.02169363441444,0.890913123819738,"Zog7",182.233507715406
"531",3.07292776342097,1.00547927844726,"Zog7",172.42319719885
"532",3.11113804070247,1.06172503027221,"Zog7",174.931118426525
"533",3.02791608169396,0.893199513226672,"Zog7",179.178220353703
"534",2.99238293284528,1.15658143370585,"Zog7",163.034713603713
"535",3.13946631322086,0.896519198901474,"Zog7",172.437265301532
"536",3.01645341176056,1.01645187085058,"Zog7",178.633272247909
"537",3.15778519787935,1.01518323303551,"Zog7",170.946536979231
"538",2.99380773423804,1.01216703019669,"Zog7",174.189734650455
"539",3.06139229641937,0.978957541635653,"Zog7",174.462109311856
"540",2.84539114057548,1.04499367871462,"Zog7",169.543589559678
"541",2.98876080386626,0.896883550810254,"Zog7",167.647803206643
"542",2.99782054600391,0.871063581177678,"Zog7",173.210091414905
"543",2.92416545825835,0.934543136188675,"Zog7",172.179967300242
"544",2.89641071155777,0.994267589615222,"Zog7",180.447827519522
"545",3.09481593025518,1.1256747820357,"Zog7",185.318337547356
"546",3.09141587339277,1.15874541398645,"Zog7",174.525705404325
"547",2.87012680051535,1.03194814625447,"Zog7",177.399866007333
"548",3.04243787949343,1.03815916226931,"Zog7",174.116254862552
"549",2.88874546800449,0.975635511636055,"Zog7",178.81868096706
"550",2.89489267738184,1.0048053084053,"Zog7",176.138630295844
"551",3.05254124482664,0.859545413889821,"Zog7",176.265330572913
"552",2.93139759999069,1.02899337288958,"Zog7",182.399567953204
"553",3.09934799821222,0.946444641770625,"Zog7",167.697214014124
"554",3.00385235990753,1.03346787731005,"Zog7",184.74421015177
"555",3.05361489757857,0.96540186608455,"Zog7",177.052948945151
"556",2.94763733021138,0.933838426516355,"Zog7",175.874916134877
"557",2.88487786650564,0.978088862319795,"Zog7",170.687469101978
"558",3.09147522410028,0.963309508936629,"Zog7",173.462018918814
"559",3.02380714915627,1.10945782078424,"Zog7",177.224955690905
"560",2.97609322405453,1.02092080824371,"Zog7",160.163162258103
"561",3.00692353265457,1.04324914261532,"Zog7",170.398508418025
"562",3.13259083425992,0.875914641419922,"Zog7",178.711103346033
"563",2.93018333653799,1.1496821709628,"Zog7",172.54778955543
"564",2.92505915555368,1.01593704411608,"Zog7",169.005469241502
"565",2.93803849472926,0.914371859659675,"Zog7",170.159300341947
"566",2.84150087317901,1.03090466454468,"Zog7",176.25940528679
"567",3.08196281375037,1.08704340298449,"Zog7",163.165335365959
"568",3.01923696467442,0.861632286169844,"Zog7",180.707766743967
"569",3.02071719742179,1.16901069700306,"Zog7",159.42661933884
"570",2.99566526456523,0.984196929482164,"Zog7",171.085785403683
"571",2.94898395585759,1.11211707806486,"Zog7",169.098884707078
"572",2.91765813862238,1.00722613190889,"Zog7",165.868960593053
"573",3.08518564032927,0.966757715543328,"Zog7",167.063810679101
"574",2.85738153270799,0.816507995337314,"Zog7",176.359703535131
"575",3.04402989419654,0.889982778141281,"Zog7",173.770743841381
"576",2.92073883492423,0.995865970008257,"Zog7",172.503193632722
"577",3.02823102145455,1.08278525451171,"Zog7",158.363815630819
"578",2.92593094778098,0.811832134584543,"Zog7",165.338917079422
"579",2.9476658317316,1.13754411123242,"Zog7",173.690012272653
"580",3.1769365917027,1.1398990464303,"Zog7",168.462915988801
"581",3.06682826189335,0.885668374408906,"Zog7",169.031779547715
"582",2.78551029757243,1.04723005621931,"Zog7",181.955947050876
"583",3.01264124161003,0.896636078664579,"Zog7",175.838280499513
"584",2.95481870637428,0.987480002131172,"Zog7",167.302249708421
"585",2.88633738122223,1.09286627388467,"Zog7",171.328289954877
"586",3.02097858904312,1.08683396476988,"Zog7",172.614837689036
"587",3.01299655160194,0.915082539636652,"Zog7",169.847095791246
"588",2.96714934274319,0.961336354552443,"Zog7",167.86078678643
"589",3.19727035673375,0.902383642900283,"Zog7",174.246533485889
"590",2.77513099331834,1.03395436599049,"Zog7",179.79752509653
"591",3.08382193872785,0.844092483556623,"Zog7",176.197126084863
"592",2.97109767295374,0.737067455844864,"Zog7",173.208132970882
"593",3.06565134105794,1.14698122818729,"Zog7",177.323903773274
"594",2.95460022993613,1.22734729129947,"Zog7",180.166590629252
"595",2.94061354375549,0.954496645976117,"Zog7",173.625564352153
"596",2.82896203336054,1.07611024870949,"Zog7",177.799798452513
"597",2.97905515717273,0.999249721629028,"Zog7",166.59015171029
"598",3.24787458013571,1.1474313799716,"Zog7",172.86160724271
"599",3.09897022081294,1.05541439325694,"Zog7",171.667074131434
"600",3.16755721558268,1.02036639651162,"Zog7",175.978813584812
"601",3.0914965318314,0.820086354823413,"Zog7",177.110398656793
"602",3.11442627079619,1.10829556807978,"Zog7",173.743836206911
"603",3.09028764144991,0.964914638495314,"Zog7",169.245662500363
"604",3.04753924317651,0.859650991528497,"Zog7",168.101162542399
"605",2.9417471226003,0.979820333508667,"Zog7",176.558806334107
"606",2.94670652626765,0.98732218402077,"Zog7",184.10702002582
"607",2.83991600036247,1.10592068726662,"Zog7",169.099212895384
"608",2.999418228612,0.8832603967736,"Zog7",171.915571353812
"609",3.08993556758567,0.944235637268156,"Zog7",176.923925981656
"610",3.10319225565261,1.14881199283832,"Zog7",170.726818909452
"611",3.00951327044554,1.135866576877,"Zog7",175.460168263635
"612",2.94523723827781,1.11632145439024,"Zog7",174.275989241044
"613",3.32905174433185,1.16615239453479,"Zog7",169.175400925925
"614",3.07366855312504,1.02040309798299,"Zog7",180.42925081786
"615",3.14205753048791,0.941811631313022,"Zog7",180.533316920453
"616",2.96623193593327,1.05552040618634,"Zog7",181.778138606492
"617",2.99620423729454,1.10587231258259,"Zog7",183.485138163169
"618",3.04486070977067,1.2413633271471,"Zog7",171.064629544434
"619",3.16765223119483,0.803501766728881,"Zog7",171.357788784334
"620",2.96885254545439,1.02732357030668,"Zog7",176.437688063334
"621",3.08536156667831,1.06547945828696,"Zog7",179.019728895753
"622",2.79051853656798,0.994540134463962,"Zog7",172.231778966318
"623",2.94927455659184,0.844217775151489,"Zog7",171.645748401089
"624",2.87079909232367,1.07415008920862,"Zog7",170.281261367009
"625",3.11133627173571,0.922091425873608,"Zog7",184.984575294979
"626",2.98355469117197,1.05058614988305,"Zog7",157.051997595602
"627",2.96096259179933,1.09075517060179,"Zog7",173.436115823405
"628",3.13690998461986,1.12839570104746,"Zog7",174.876652199267
"629",3.111627285824,0.844213620261443,"Zog7",167.191894838937
"630",2.91019787965325,1.10817418481791,"Zog7",177.307143323636
"631",3.04278664876096,0.924301864305398,"Zog7",160.839548273221
"632",2.87715554314877,0.871098052615104,"Zog7",181.293944087675
"633",2.95243849757888,1.13143206659194,"Zog7",162.965637965798
"634",3.1616577637147,1.1146259973265,"Zog7",159.190017899213
"635",3.14501279513304,0.9757416732295,"Zog7",169.264215279348
"636",3.11090187554668,1.07595407062383,"Zog7",175.743724817278
"637",2.94290961136697,0.913967425857694,"Zog7",170.048191906543
"638",2.81185685297244,0.984896842094796,"Zog7",170.694153092949
"639",2.88243018159758,0.990627676623913,"Zog7",176.941596885296
"640",3.09525565246275,0.9719259945496,"Zog7",167.196855609473
"641",2.97094321138349,1.07340987364972,"Zog7",174.008215239569
"642",2.7837391854432,1.15373275354959,"Zog7",178.094693010398
"643",2.98198125122835,0.95442289372211,"Zog7",186.047089656852
"644",3.14102392211246,0.996734154764427,"Zog7",177.965325228573
"645",3.06434686405195,1.16367573491655,"Zog7",186.612503005059
"646",2.91787414564706,0.967095802947346,"Zog7",177.7812822946
"647",2.8454083347935,0.73959618293929,"Zog7",174.586474172114
"648",2.91734527743632,1.05139837864479,"Zog7",158.813418066146
"649",3.00345276713215,0.911353198888874,"Zog7",166.036552196377
"650",3.08880737009121,0.900146159399607,"Zog7",172.376423693724
"651",2.80600598452097,1.14208168135849,"Zog7",179.595055250868
"652",3.10232017552741,1.24479980070152,"Zog7",172.351567047645
"653",3.0005457726588,0.896021745859646,"Zog7",178.414702408676
"654",3.05697789696058,1.10310251816668,"Zog7",167.162482597021
"655",2.83467444367651,0.990585216163037,"Zog7",172.690254038438
"656",2.93333456198778,1.01418074592204,"Zog7",176.128204287232
"657",2.95517658107345,1.12222367014564,"Zog7",172.093462032733
"658",3.1043891348309,1.02136745184411,"Zog7",175.398983924774
"659",3.10281740473954,0.914863464613924,"Zog7",169.913925877519
"660",3.04350904592483,0.952959112525714,"Zog7",177.229578622709
"661",3.16042121816239,1.06861352552989,"Zog7",174.041777812313
"662",2.94845888002546,0.76640526681401,"Zog7",174.27981663332
"663",3.10125371937739,1.10952443818485,"Zog7",160.967652454769
"664",2.99640599702093,0.843284990116776,"Zog7",169.893481990941
"665",2.93326579038236,1.00219310628184,"Zog7",164.181653465604
"666",3.09233800383308,0.980964102240804,"Zog7",163.36913565655
"667",3.13811003308495,1.12930694860243,"Zog7",171.151980353975
"668",3.08782504161849,1.01888493150566,"Zog7",173.483573485673
"669",2.94905965445777,1.01019391349052,"Zog7",176.594363640496
"670",2.95302123658449,1.06981358088586,"Zog7",182.248000611994
"671",3.1377675846806,0.917298544380957,"Zog7",177.71996413835
"672",3.03528264064177,0.980410114393362,"Zog7",181.693654445201
"673",3.08295739793211,1.11775844138078,"Zog7",170.92499004645
"674",2.96612980163357,1.06834736209799,"Zog7",172.454280847571
"675",3.12610349364647,0.872450329324747,"Zog7",182.205344250876
"676",2.91912448550378,1.06379563674109,"Zog7",174.617612347459
"677",3.06253515208666,0.862241037539628,"Zog7",162.847449050108
"678",2.91828250344319,0.940168919628033,"Zog7",168.683273426247
"679",2.75374249834142,1.1210920383857,"Zog7",181.662306478721
"680",2.86570424893203,0.774895482455415,"Zog7",170.33400125615
"681",3.01362951992102,0.822098580911917,"Zog7",176.943270989332
"682",3.08829227496258,1.13013726728264,"Zog7",174.708720929657
"683",2.82486979169052,0.918520721594735,"Zog7",171.134658808444
"684",2.87485755310805,1.12437070185789,"Zog7",172.153657313047
"685",3.17645459965755,0.983174979924389,"Zog7",177.351205894899
"686",2.95661006501767,1.04277756783629,"Zog7",176.076213862138
"687",3.05057001319306,1.08132788896292,"Zog7",183.251853039186
"688",2.94730646786227,0.934878813063996,"Zog7",173.210423568847
"689",2.97014171148485,0.969540907685339,"Zog7",168.146705765705
"690",3.00872442066052,0.958490283035436,"Zog7",175.770483770948
"691",3.0010961842799,1.28160842760224,"Zog7",179.546503932601
"692",2.98074397889579,1.01261470690976,"Zog7",190.582930749981
"693",2.95302035148563,1.04728004231111,"Zog7",171.363380968166
"694",2.69521391102013,0.965924645905905,"Zog7",172.324687056534
"695",3.18686555003337,0.975820935734539,"Zog7",180.786614532678
"696",3.1790424208243,1.13787546688573,"Zog7",183.578164945423
"697",2.88989182582808,0.966111633046261,"Zog7",169.998389063657
"698",2.983189247789,1.00201363027608,"Zog7",179.261155244503
"699",3.13752753047125,1.03769621641411,"Zog7",170.653059461596
"700",3.09982900230522,0.956827625496212,"Zog7",167.873914168196
"701",3.12766016187458,1.1959064156177,"Zog7",178.972688373194
"702",2.89282530818402,0.857154038777883,"Zog7",175.3546464653
"703",3.2577268096198,1.20112929798456,"Zog7",177.334478206888
"704",2.88665400402297,0.964840811112082,"Zog7",170.545637582838
"705",3.07539163418833,1.13571196468495,"Zog7",187.174007751379
"706",3.01412759804457,0.800082258899253,"Zog7",179.266178123226
"707",2.9596289682038,1.09560806214285,"Zog7",171.988345080328
"708",2.9620584201819,1.08764312649769,"Zog7",179.528404576965
"709",2.9008603187469,0.872878302843991,"Zog7",166.107561372636
"710",3.16226597957568,0.923167612151037,"Zog7",173.644911171247
"711",3.00895132277628,1.01935248454702,"Zog7",184.432667350656
"712",3.02592179492144,1.1143835428797,"Zog7",173.287286878662
"713",3.0209632833061,0.923400069597133,"Zog7",180.982594663861
"714",2.96248292469391,0.97758740009467,"Zog7",173.055708058563
"715",2.8865978755245,1.15713469349773,"Zog7",158.522977257748
"716",3.0253726309684,0.887265275914851,"Zog7",168.447674240929
"717",2.79063605500411,1.09477939807169,"Zog7",176.168311883137
"718",2.85814330571644,1.04487681892349,"Zog7",184.73503103643
"719",2.89236033050616,0.889418547144367,"Zog7",170.455347184886
"720",2.89213211373276,0.933213215782622,"Zog7",176.54101513957
"721",3.01071888165671,1.07832775103022,"Zog7",167.855427033535
"722",3.15984875483247,1.02489594327121,"Zog7",167.493968370555
"723",2.8484675855935,1.14250982774675,"Zog7",169.167945555974
"724",3.04336760205966,0.939821603790841,"Zog7",184.192596531227
"725",3.0899544753321,0.828551230362052,"Zog7",181.191332689268
"726",2.90104677977111,1.10478269264783,"Zog7",178.764818161116
"727",2.99472005984775,0.939137838156587,"Zog7",182.417399933947
"728",3.08236109026221,1.01203405268226,"Zog7",171.638187082757
"729",2.97444908974526,1.17190418138518,"Zog7",179.926200618144
"730",2.97793156527488,0.97495859476888,"Zog7",176.076567004993
"731",3.03077267912106,1.1549555327397,"Zog7",167.265455586202
"732",2.99399867466667,0.890286035006755,"Zog7",168.79172650392
"733",2.94443471100608,1.09255112361162,"Zog7",174.959532583326
"734",2.98613849805391,1.0246799211871,"Zog7",176.048572490368
"735",3.18828397923865,0.926322846064855,"Zog7",172.359653129265
"736",3.0873668679606,0.871999106111034,"Zog7",167.633723353386
"737",2.90854029271724,1.00766436635945,"Zog7",159.972918476468
"738",2.87550823776687,1.02551647624541,"Zog7",177.58581041598
"739",2.96400177593174,1.02774468170347,"Zog7",172.542260095932
"740",3.1328774700948,1.05368560222315,"Zog7",178.453288242161
"741",3.0292679118417,0.953951443402329,"Zog7",163.787919367141
"742",2.92984947631593,0.948839627781042,"Zog7",165.835810512705
"743",3.0882234567818,1.02369378791276,"Zog7",173.829838937188
"744",2.98666296112771,0.94584108283783,"Zog7",164.71946731047
"745",2.88793215007086,1.12192276470431,"Zog7",160.728485104847
"746",3.04611924542118,1.01741358751061,"Zog7",180.094329914727
"747",3.15241428101788,0.938473168390352,"Zog7",180.915247438139
"748",3.04344682981328,0.819310703591467,"Zog7",167.39941656586
"749",3.01920003711389,0.935631889410396,"Zog7",172.704761179926
"750",2.93437568715829,1.20460188521328,"Zog7",166.671351723693
"751",3.0316426916753,2.1595293867472,"Zog8",141.044613413932
"752",2.9970321698998,2.2041955459993,"Zog8",152.832759833212
"753",2.91305395490406,2.06144812500433,"Zog8",155.710565193544
"754",2.92257824561038,2.04219311741368,"Zog8",149.592262940271
"755",2.89379188065718,1.95035783323068,"Zog8",155.43681842472
"756",3.04363742621925,2.0490961412826,"Zog8",149.415299574085
"757",3.05710088478141,1.94980178303965,"Zog8",159.864543330049
"758",3.03764748944159,2.02881698182516,"Zog8",159.698901000991
"759",2.9157110302584,1.93133739917589,"Zog8",163.02627812591
"760",2.82138303717647,2.07884037860305,"Zog8",160.26458060547
"761",3.05308756631545,2.06913688409637,"Zog8",168.508185925912
"762",2.98229410526057,2.12429990080513,"Zog8",154.646422512918
"763",2.99606076500285,2.19822097124292,"Zog8",142.27626408188
"764",3.10321279848734,1.93535581653809,"Zog8",157.529002145494
"765",2.91064841655984,2.09661892922274,"Zog8",161.898329569113
"766",3.1144015325685,1.85727325529048,"Zog8",154.540738457345
"767",2.95868085047871,1.9542516241352,"Zog8",167.155522997365
"768",2.9286812178244,2.09454666846085,"Zog8",165.012768404737
"769",2.97942538561824,1.92616108496309,"Zog8",161.111840746383
"770",3.03900197288428,2.03456406998779,"Zog8",157.837810958357
"771",2.97927843547443,1.90995553061047,"Zog8",153.488883221578
"772",2.90994927794521,1.96296492958849,"Zog8",156.110784079461
"773",2.97183757212092,1.99592030735499,"Zog8",160.633632587624
"774",2.7458068898862,1.9387681233594,"Zog8",164.123965171668
"775",2.94914883181276,1.80541479101836,"Zog8",155.276585056234
"776",3.0455966217539,2.02430963295276,"Zog8",152.251614844969
"777",2.98307402254679,2.04749000954045,"Zog8",174.678628686997
"778",3.06883277222612,2.01367145740611,"Zog8",160.979287846383
"779",3.04859824339745,1.95112522743117,"Zog8",151.024165216572
"780",3.06456467463556,2.09002036572604,"Zog8",163.866241048337
"781",3.06560449450255,2.10775356600614,"Zog8",157.78119313922
"782",2.82614192386257,1.76263291439501,"Zog8",163.136912393586
"783",3.00041596800184,2.11245748375291,"Zog8",157.71196632186
"784",3.16300673346068,1.82204522528465,"Zog8",156.940384295218
"785",2.95195147729556,1.96554496375646,"Zog8",157.98366899892
"786",3.04528024424206,1.88908268862407,"Zog8",160.238853233303
"787",3.01433937309799,1.93698942170769,"Zog8",153.078787533127
"788",3.0557012225188,2.13168837687242,"Zog8",152.761845042023
"789",2.97279698828295,2.05345133882841,"Zog8",156.055933210959
"790",2.9351700703484,2.04938980857419,"Zog8",158.548497675394
"791",3.00719608443656,1.79220075686552,"Zog8",155.127752467049
"792",3.02078148307034,2.01963253427416,"Zog8",159.56827959114
"793",2.98146677103161,2.06288031538739,"Zog8",149.637239765721
"794",3.00314406650264,2.08609471433936,"Zog8",147.332678483863
"795",3.04113519336908,1.90267526495248,"Zog8",170.593462081491
"796",2.92238161095375,2.09375430520307,"Zog8",160.134527445357
"797",3.11396776571981,1.86047942217047,"Zog8",154.570190720173
"798",3.22007602707466,2.17387430188763,"Zog8",155.389682714502
"799",3.14772053287348,1.92013657097565,"Zog8",162.84521737124
"800",2.95455821492924,2.07650243867693,"Zog8",155.877141954329
"801",2.81771127309676,2.03179113451354,"Zog8",158.694192401071
"802",3.00541979571096,1.89363994823871,"Zog8",155.496308271246
"803",3.08802732206041,2.11442586560686,"Zog8",153.839650248377
"804",3.07781066979357,2.00333768426274,"Zog8",161.564716348576
"805",2.87702532252883,2.08184077748478,"Zog8",158.339849562386
"806",2.88868514892566,2.02181920858222,"Zog8",166.462076322727
"807",3.01337446348776,2.08684972524099,"Zog8",149.471609650211
"808",3.06260813453769,2.00216805208981,"Zog8",156.402235811589
"809",3.08729316638555,2.1115228649693,"Zog8",155.886465012196
"810",3.0816391978939,1.96478191350889,"Zog8",149.825351316539
"811",2.90320245080335,2.05272883182488,"Zog8",164.334398737743
"812",2.86873949438,2.03785715222439,"Zog8",156.597589410416
"813",2.79874802220407,2.08438597770984,"Zog8",147.650481720914
"814",3.05049326977278,1.93789575050431,"Zog8",153.204403262175
"815",3.08281115657694,2.01776914978679,"Zog8",149.612052729412
"816",3.0335850688825,1.94198349208682,"Zog8",164.623007242236
"817",2.89408755539887,2.09086378257334,"Zog8",175.149718851969
"818",3.15677167499493,1.93633136205249,"Zog8",152.63337691998
"819",2.96298533756366,2.17322386963767,"Zog8",156.703777597222
"820",3.17790383614957,2.07903716020391,"Zog8",159.307532893969
"821",3.05514020050806,1.99862920211462,"Zog8",176.312103586982
"822",3.11903106450855,2.12061964752058,"Zog8",141.046363408204
"823",3.03306022262944,1.99154090598617,"Zog8",153.75169750406
"824",2.99353477719001,2.0563262281636,"Zog8",148.92982435334
"825",2.89874519316268,2.05281944000151,"Zog8",155.756014010276
"826",2.94414858098086,2.04230384324103,"Zog8",155.418093130833
"827",2.99528921637236,1.94032357702909,"Zog8",152.24072601176
"828",3.0282074067985,1.87491557223988,"Zog8",170.188477676599
"829",2.99667807876689,1.83183992902262,"Zog8",159.14884501339
"830",2.98220280109066,1.95437036409987,"Zog8",174.10448527325
"831",3.01834855169421,2.06827931922025,"Zog8",163.114704037463
"832",2.94756279574025,1.97609625164972,"Zog8",148.492202602142
"833",2.94640625436605,1.87966490665321,"Zog8",152.074949148457
"834",2.8544295298344,2.21564776019501,"Zog8",159.260656588075
"835",3.0846271470268,2.07020094230486,"Zog8",153.304095066339
"836",3.00469323680015,2.19466181002656,"Zog8",159.829415477478
"837",2.99163757665727,2.12130363537213,"Zog8",162.477396147642
"838",2.92590813852251,1.93886208816355,"Zog8",160.297243590492
"839",2.97522261360976,1.95880787967532,"Zog8",156.407097814739
"840",2.89132171442987,1.85593190217303,"Zog8",152.844615116897
"841",2.89507026476473,2.07404734531097,"Zog8",148.324142829786
"842",2.80810482282934,2.16236592522273,"Zog8",159.735651944123
"843",3.09816987726484,1.90795151219274,"Zog8",163.805737372585
"844",3.01259640821453,1.87978023531808,"Zog8",156.791701785718
"845",2.88832236244456,2.08826780683645,"Zog8",162.624711223006
"846",3.11637866037459,1.84835209643993,"Zog8",172.942095438603
"847",3.06245916833691,2.19216115577685,"Zog8",170.886136627639
"848",3.07423822745847,2.05721357778062,"Zog8",153.885049316502
"849",2.97742294330572,1.82851049461614,"Zog8",161.1763705437
"850",2.95771279934143,2.03549188957324,"Zog8",152.433913189712
"851",2.99019470979935,2.0105181865811,"Zog8",162.178081621246
"852",3.04046906562376,1.75315864668153,"Zog8",156.940845673397
"853",3.07999146066411,1.9958141969676,"Zog8",159.292500700401
"854",3.15894691499569,1.9412739232133,"Zog8",151.33628535307
"855",2.94909295958627,1.91127030072427,"Zog8",165.787033064763
"856",2.89844352518485,2.02387168197507,"Zog8",156.760127888597
"857",3.01008586656104,2.08508903022938,"Zog8",154.227947948249
"858",3.30221041852904,2.17270088332141,"Zog8",156.813038045628
"859",2.95713841549163,1.73674923539046,"Zog8",157.884176313906
"860",3.11456812177848,2.074361132781,"Zog8",168.807435735792
"861",2.97569017904149,1.90476488886647,"Zog8",149.574319735598
"862",2.95214567622361,2.11563301653805,"Zog8",174.562326078372
"863",2.92895828777924,2.03458616741578,"Zog8",151.936200948694
"864",2.97887553722824,2.14449571720604,"Zog8",158.571891278655
"865",3.16417844708754,1.85172386942433,"Zog8",142.94239810069
"866",3.03018467205634,2.04946312976288,"Zog8",152.768163941627
"867",3.04873291232153,2.02951593380346,"Zog8",162.471801202836
"868",3.08387357924323,2.10478622459194,"Zog8",160.886019063988
"869",3.2071741512886,1.9768831491365,"Zog8",160.223393206203
"870",3.07756188420795,2.11440168459287,"Zog8",154.082030529206
"871",2.85728886470481,1.95550391245241,"Zog8",144.44438039153
"872",2.89664886645339,1.95707625961069,"Zog8",149.839615264519
"873",2.84105448864082,2.00253793014558,"Zog8",155.740586296666
"874",2.71514532301062,1.89307478276177,"Zog8",161.70084787887
"875",3.12907339277926,1.95434283591657,"Zog8",163.211506023663
"876",2.95062761257176,2.11100038284824,"Zog8",155.229171309857
"877",3.0394970677706,2.16518287043057,"Zog8",156.288519913048
"878",3.11816178531439,2.11142546796284,"Zog8",156.209426996268
"879",2.94881673054195,1.95751348248114,"Zog8",157.754306384625
"880",2.98650323513378,2.03184798855396,"Zog8",168.109401853038
"881",3.03502561795245,2.00984896489447,"Zog8",152.262399957302
"882",3.02258792218176,1.87409725270642,"Zog8",155.916048617068
"883",2.92256847504119,2.02574082111407,"Zog8",157.900471701036
"884",3.07308156100066,1.91757066723282,"Zog8",147.981526401639
"885",3.05456355282425,1.89393757810529,"Zog8",150.902183007514
"886",2.97115507040785,2.07255054613659,"Zog8",158.751221294198
"887",2.8777619089141,1.92920681128937,"Zog8",160.338871548108
"888",3.06333335955686,1.98559512494904,"Zog8",165.330019119597
"889",3.1427519655915,1.90262844231186,"Zog8",154.089445958865
"890",3.13805174933894,2.00559444258531,"Zog8",167.526692002575
"891",3.08726345667953,2.04923465531505,"Zog8",151.297494132698
"892",2.95168649313477,2.05025452546669,"Zog8",146.175406097419
"893",2.94686530805095,1.89247420227706,"Zog8",143.727293535071
"894",2.94123152434141,2.12580422500266,"Zog8",165.077739578519
"895",2.95883021310125,2.14929717130444,"Zog8",159.483492433073
"896",3.07091856212534,2.03729104264107,"Zog8",156.436434424295
"897",3.02563967535357,2.01574795478843,"Zog8",155.294093944851
"898",2.81436394136952,2.00773429033211,"Zog8",168.453175841782
"899",2.81394123701855,2.02575459459397,"Zog8",165.757406182349
"900",2.99771659062656,2.03764235887226,"Zog8",150.32320967554
"901",3.0149938747281,2.01368236189482,"Zog8",147.612268774221
"902",2.76925256579647,2.06538231709147,"Zog8",164.946458820444
"903",2.91835527741879,1.96642314576225,"Zog8",161.273670296056
"904",3.00275611516967,2.11293449285022,"Zog8",153.772520758307
"905",3.14617859151765,1.99623171882294,"Zog8",160.124551412932
"906",2.79871312716777,1.82443059834638,"Zog8",143.186769926555
"907",2.8744555722018,1.99002796306166,"Zog8",152.693397343401
"908",2.89196931527818,2.04470204526539,"Zog8",160.394438092617
"909",3.01753960786489,2.12300316728337,"Zog8",156.839006180767
"910",3.03308392214143,2.00602104326151,"Zog8",148.376174145127
"911",2.96793107686996,1.8059930798329,"Zog8",164.456250568673
"912",2.838767131205,2.00048317659254,"Zog8",165.490803028349
"913",2.93694475831357,1.88007880780325,"Zog8",150.769108784736
"914",2.94395140133441,1.90238942963503,"Zog8",156.051121250074
"915",2.9797418715583,1.8974372948765,"Zog8",162.463685230156
"916",3.16228851811317,1.92007730754874,"Zog8",163.395461552965
"917",2.9323229469562,2.11371290905567,"Zog8",153.648154351491
"918",3.00762644051387,1.91684711004562,"Zog8",151.199608776958
"919",2.92946016583731,1.9560937226047,"Zog8",159.764915501852
"920",2.87597721509561,2.01841734614003,"Zog8",143.937260127727
"921",3.06359478978686,2.08903796255792,"Zog8",150.698844528496
"922",2.89493713203473,1.9333294989925,"Zog8",162.764497543337
"923",3.27352091896222,1.917377613613,"Zog8",145.422798815335
"924",3.00925629378272,1.94813842777862,"Zog8",148.943947766456
"925",3.00602535760787,1.88282813007666,"Zog8",155.663892208634
"926",2.99334547889891,2.09200333494698,"Zog8",155.234873145974
"927",3.18436455400401,1.78180418659011,"Zog8",145.071074350124
"928",3.06639271104036,1.94723079226451,"Zog8",160.915039547171
"929",2.9749009356252,1.85588599779061,"Zog8",150.199193294348
"930",2.88338101933892,1.80432152158102,"Zog8",156.242975092112
"931",2.89612722392826,2.00286581970793,"Zog8",155.973382204928
"932",2.92150106946627,2.15382356613228,"Zog8",162.225788839753
"933",3.12149484309783,2.16346403547998,"Zog8",156.887517435939
"934",2.98110184242291,1.94372237916472,"Zog8",156.408951755097
"935",2.92428013773202,1.93030442914818,"Zog8",168.93257356195
"936",3.07920594778803,1.94617736965284,"Zog8",159.952651828077
"937",3.13451800190222,2.07101102317838,"Zog8",161.714170892205
"938",2.93054685159287,1.743830303702,"Zog8",160.67367804175
"939",2.95550674559576,2.02477004744223,"Zog8",161.350830040451
"940",3.03452841867238,1.95944596189924,"Zog8",166.699542923201
"941",2.9995155563464,1.92560615031489,"Zog8",156.949658527169
"942",3.04063664714848,1.79938799686799,"Zog8",159.049295278892
"943",3.17141985257714,1.9794173582217,"Zog8",171.136826583635
"944",2.9939613445879,1.83509432275441,"Zog8",153.639119459928
"945",2.97192977324658,1.99846921268077,"Zog8",166.386450510688
"946",3.04854144608945,1.91050983224866,"Zog8",153.099840281428
"947",2.995065547026,2.00463197241836,"Zog8",169.320365381176
"948",3.06277650615328,2.04610040793838,"Zog8",152.68565599561
"949",2.97760288485797,1.94962612328021,"Zog8",151.648781716928
"950",3.04435227144011,1.8977601543784,"Zog8",164.604206025081
"951",2.84362592924321,1.93882577709697,"Zog8",164.103908382225
"952",3.00139036583034,1.93326064967855,"Zog8",161.211363516155
"953",2.94837840127163,1.85067241709445,"Zog8",159.261707359317
"954",2.88094574244825,1.92193817860938,"Zog8",159.042406277328
"955",2.9586930792163,1.98065948651428,"Zog8",171.73271259626
"956",3.03719949454229,1.97791666902006,"Zog8",147.321646187408
"957",3.00923429640205,2.03295417398873,"Zog8",150.445033434562
"958",3.06934837625211,2.12918757231235,"Zog8",148.395406793592
"959",3.09408992431535,2.03336710316639,"Zog8",164.074676086569
"960",3.08284640297279,2.14757869747421,"Zog8",155.629894106598
"961",2.96755108235247,1.93520740352797,"Zog8",156.439328462657
"962",2.86718438019429,2.13506684100003,"Zog8",169.832535382309
"963",2.97196650300876,2.05934089078176,"Zog8",153.296202484443
"964",3.11696554365108,1.8808291114766,"Zog8",171.508949862638
"965",2.98785236350919,2.04021710124852,"Zog8",147.483301958429
"966",2.83627083489549,1.87623071594305,"Zog8",166.574236945274
"967",3.04913832228698,2.09472306756917,"Zog8",159.611234671958
"968",3.02818193106934,1.94602538549724,"Zog8",154.629184013993
"969",2.95993966448078,1.97638898129634,"Zog8",156.139529330225
"970",3.0173361502856,1.93204635110568,"Zog8",166.722210328387
"971",3.13693876695453,1.91478217076357,"Zog8",169.276028760573
"972",3.12991960937568,2.17021397091968,"Zog8",145.600112906575
"973",2.95437031064545,2.09918045229028,"Zog8",181.297049912434
"974",3.00106648618581,2.06752130770274,"Zog8",175.394986234579
"975",2.85459108550658,2.00736199590039,"Zog8",153.672134811345
"976",2.92722466740313,2.07363338145518,"Zog8",156.898714317486
"977",3.20082403974652,2.0661712776916,"Zog8",152.704556165178
"978",3.1498009685511,2.16035205983813,"Zog8",156.698380033803
"979",2.97707452747169,2.08500397782124,"Zog8",162.528403721656
"980",2.93075348546972,1.97938109935425,"Zog8",158.072927358449
"981",2.86333767028316,1.97851070567401,"Zog8",158.693436641365
"982",3.21260518537637,1.95319274356639,"Zog8",167.701040872809
"983",3.01146297248385,1.96362614391842,"Zog8",141.922308303869
"984",2.94060510906329,1.97633160605045,"Zog8",153.909286322122
"985",3.10780673379513,2.12228807495983,"Zog8",158.360308552775
"986",2.89004141671411,1.76716403673019,"Zog8",151.867683192711
"987",3.07265641976065,1.92981541715897,"Zog8",164.776151335944
"988",3.14408703022386,1.98671192806333,"Zog8",154.23084815908
"989",2.97898298403783,1.87167415962468,"Zog8",154.345126577525
"990",3.14512809438834,2.16191006101055,"Zog8",165.672470257644
"991",3.06415514314092,1.97660516989881,"Zog8",163.189446165365
"992",2.932119238112,1.88830818687864,"Zog8",156.297235308886
"993",3.05743127363475,1.91083862131893,"Zog8",155.055087724429
"994",2.92954854737111,2.08723951625134,"Zog8",147.212230622647
"995",2.94660159427701,2.18690093405041,"Zog8",152.468395562073
"996",3.07743846066177,1.98757314961878,"Zog8",175.538819278844
"997",2.95243786046612,2.01070288073763,"Zog8",157.087482558496
"998",2.99755726211131,1.90514649399449,"Zog8",163.743830887038
"999",3.10190080962844,2.13166447107292,"Zog8",156.057702166082
"1000",2.87944196044014,2.0722656926346,"Zog8",161.618157727065
"1001",2.9947273191012,2.98688771443385,"Zog9",173.770647531718
"1002",3.13639219556815,2.90774145775461,"Zog9",161.493284274376
"1003",2.94963665828656,3.04073690854804,"Zog9",161.143656371792
"1004",2.82909398313183,3.02640114343805,"Zog9",161.289363492218
"1005",3.08985496831277,3.00912835539417,"Zog9",163.523501607372
"1006",2.97622659735057,2.93193125711342,"Zog9",146.900838253397
"1007",3.14634075805303,2.9768030504869,"Zog9",167.914551405189
"1008",3.01243782664793,3.19851117827646,"Zog9",168.180094772046
"1009",3.14537408438331,2.90708406428948,"Zog9",167.536187816741
"1010",3.03502269595074,2.95939097673738,"Zog9",160.253592139829
"1011",2.96509745203402,2.85965674461875,"Zog9",163.826630469231
"1012",3.07255986078198,2.87592709324241,"Zog9",153.087082779553
"1013",2.95407615703785,2.97132347985648,"Zog9",165.649933960958
"1014",3.16847592312539,2.96087126982129,"Zog9",157.412083981681
"1015",3.01465840168035,2.93830984357674,"Zog9",172.349721955075
"1016",2.79701429070704,2.92261556904671,"Zog9",156.650706505129
"1017",2.9527829919894,2.9803373076781,"Zog9",148.717873800517
"1018",2.8367628073213,3.11340205431204,"Zog9",164.340085768806
"1019",2.78216446939054,2.96421988144733,"Zog9",151.717578552544
"1020",3.00592086510876,2.87167961363769,"Zog9",156.6365451473
"1021",3.06478606366976,2.89309481954993,"Zog9",168.759697512062
"1022",2.92385731113347,2.79956523509289,"Zog9",176.23779372154
"1023",2.86711576738761,2.82894836777819,"Zog9",161.292724850961
"1024",2.93979692527716,2.9252579817237,"Zog9",169.933030564829
"1025",2.84494747276495,2.90235845387656,"Zog9",153.489924449221
"1026",3.07030017951501,2.88509738893989,"Zog9",175.244980681052
"1027",3.05745030051083,3.19892436538074,"Zog9",163.095861210879
"1028",2.84047084904338,3.17511310826985,"Zog9",157.672309777128
"1029",2.93759311384293,3.2564409300613,"Zog9",165.914278930974
"1030",3.10472160550896,3.07764959015413,"Zog9",157.466728924115
"1031",2.98319407646719,2.98387514551607,"Zog9",163.483732692805
"1032",3.00095158924649,2.89567393055494,"Zog9",163.843875773117
"1033",3.0417240223978,2.88992337378638,"Zog9",171.315336303507
"1034",3.06268341966808,2.95031260525292,"Zog9",159.165333823785
"1035",3.12062431387086,3.12805209265965,"Zog9",160.5040894628
"1036",3.07725653686136,3.06664705623391,"Zog9",163.999426254038
"1037",2.86224329359352,3.08895001972723,"Zog9",169.413092825198
"1038",2.96375730746848,2.98128785722634,"Zog9",176.400650433279
"1039",3.03022984957968,2.84463636570741,"Zog9",174.206776670758
"1040",2.98909201238819,3.03264026717796,"Zog9",169.853258957547
"1041",2.78208347187961,2.97853880279355,"Zog9",149.809932641334
"1042",2.92418852750056,2.96960416928507,"Zog9",169.762744758191
"1043",3.10145511513231,3.21841732283923,"Zog9",168.405414086276
"1044",3.01580471620652,3.08696912832186,"Zog9",158.246891591912
"1045",2.85274395623853,2.97715937963127,"Zog9",159.176960003825
"1046",3.02159262062295,2.80965535804767,"Zog9",153.547419066471
"1047",2.98412925267922,2.97133585292762,"Zog9",163.043642657607
"1048",3.06718538734011,3.09903889201002,"Zog9",163.765881590813
"1049",3.2106558601751,3.03728209927143,"Zog9",150.856618256553
"1050",2.84840998689371,3.02721073680155,"Zog9",152.06210805024
"1051",2.94949364780092,3.10450936391281,"Zog9",164.352867022986
"1052",2.98612370596576,2.98309900127852,"Zog9",155.943283912491
"1053",2.78637949996162,2.96541979747832,"Zog9",161.036957224478
"1054",2.99687800040398,2.9746033866331,"Zog9",170.185488283839
"1055",2.94068309620876,3.07345129274607,"Zog9",160.150093072081
"1056",3.22356027685796,2.97306518690357,"Zog9",164.020921684853
"1057",2.70820237861166,3.07603011424391,"Zog9",167.441868653147
"1058",3.14882211682075,2.87718163806414,"Zog9",155.258867503917
"1059",3.10080246676911,2.8728934978618,"Zog9",171.830210634681
"1060",3.07350916296203,3.01273836083064,"Zog9",169.550578982023
"1061",3.01468119927248,3.0760383157988,"Zog9",172.042228532026
"1062",2.92891997047958,2.95923470839778,"Zog9",160.148063760764
"1063",3.11056314007816,2.9422578655082,"Zog9",152.881234353855
"1064",2.91142529349644,2.71606238330911,"Zog9",166.709612129531
"1065",3.06947618178619,3.0374320874221,"Zog9",167.461197243554
"1066",3.04026391853146,2.90971450212572,"Zog9",180.91405184806
"1067",3.10762381964352,3.04025749061831,"Zog9",175.167921963414
"1068",2.94034535685115,3.14272117229534,"Zog9",159.877292129469
"1069",2.9419012372023,2.95040809540727,"Zog9",156.084030449714
"1070",3.03020765638122,3.06967253815539,"Zog9",167.478394225172
"1071",3.03056851555143,2.98474542267024,"Zog9",177.084168928869
"1072",3.13739983540023,3.03686046357117,"Zog9",154.849533722507
"1073",3.04853994283861,2.88442006147204,"Zog9",157.667960220959
"1074",3.01448400393476,3.04178235949281,"Zog9",175.365336396382
"1075",3.08426198439154,3.1304961544449,"Zog9",175.991780356234
"1076",2.94563921842372,3.17967118556211,"Zog9",164.49336638219
"1077",3.10929718962791,2.88126193451429,"Zog9",151.789859491396
"1078",2.89774583961384,3.05336850083572,"Zog9",159.333477789102
"1079",3.03381473713729,2.94919758292342,"Zog9",171.30340336439
"1080",2.82931542363873,3.05227206281037,"Zog9",178.207606505206
"1081",3.02464492582067,2.98215361375436,"Zog9",163.020335699857
"1082",2.8432036868858,2.97519667343985,"Zog9",158.711355543317
"1083",2.97685150550347,3.06820994967397,"Zog9",165.268482694811
"1084",2.82425445499335,3.07462015267358,"Zog9",164.145621708309
"1085",2.93603801701013,3.02790770377861,"Zog9",156.766124337731
"1086",2.92238330900657,3.04640493820463,"Zog9",167.274660697099
"1087",3.0554774652988,3.03784604125333,"Zog9",172.864581635603
"1088",2.94178778699143,3.0278374001553,"Zog9",163.223314472063
"1089",2.92314048981275,3.0091230160107,"Zog9",167.511722884984
"1090",3.12215156878148,3.09156102257648,"Zog9",164.896066713446
"1091",3.16691704096721,3.07098992922553,"Zog9",166.362434137741
"1092",3.10934803842102,3.0793932838572,"Zog9",161.636109848196
"1093",2.85087574948585,3.11069684984941,"Zog9",171.51660388646
"1094",3.12766530825953,3.05493373330146,"Zog9",164.754093415158
"1095",2.87714624292603,2.98470016713053,"Zog9",159.61158131741
"1096",2.99280489780182,2.89105295767547,"Zog9",167.544671394474
"1097",3.07344582033127,2.95119675461984,"Zog9",169.832554161531
"1098",2.978611291961,2.91300450826992,"Zog9",162.610091439073
"1099",2.98496071963822,2.97014914130247,"Zog9",144.384320605318
"1100",3.01253824262306,2.94747054273596,"Zog9",174.584622187176
"1101",3.04278580221065,2.9803314184123,"Zog9",157.87705764061
"1102",3.04113506790733,2.89761000817258,"Zog9",160.687464127698
"1103",2.82736387461334,2.9377697883426,"Zog9",174.46188665963
"1104",2.98243517659401,3.03555871570779,"Zog9",149.84519226155
"1105",3.0286838523205,3.02136059535026,"Zog9",155.385660958047
"1106",3.05907400116393,2.95959303184279,"Zog9",157.885316519805
"1107",2.96826397158374,3.1012822332051,"Zog9",153.94130189017
"1108",2.92973483595658,2.83588705586669,"Zog9",170.854489748818
"1109",2.8632412198404,3.04827586085604,"Zog9",171.982944416569
"1110",2.92711927510802,3.15698305671206,"Zog9",166.637604398768
"1111",2.98784750743571,2.95921522417514,"Zog9",160.055630700977
"1112",2.93647939511268,3.03875849180408,"Zog9",160.16571165178
"1113",3.05947026881206,2.94417119966757,"Zog9",159.154959975613
"1114",3.03675012308978,2.99779849637599,"Zog9",159.458526917092
"1115",2.83912615653137,3.08156034621224,"Zog9",166.511250638155
"1116",3.03173318447983,2.90859855186064,"Zog9",169.496315038814
"1117",3.05417046582179,2.94451792022509,"Zog9",159.935427671933
"1118",2.97386730100855,3.05322233473848,"Zog9",165.364404273833
"1119",2.99735042380336,3.04157096897245,"Zog9",146.430922224801
"1120",2.95677616930463,3.08068591818123,"Zog9",163.662330293168
"1121",2.97066132572134,3.12527481968965,"Zog9",156.98237848644
"1122",2.89929598746327,3.07698527417815,"Zog9",170.821203739686
"1123",3.04252075996399,2.89223673927868,"Zog9",171.4322423345
"1124",2.87751834076645,3.0153781366544,"Zog9",147.756003813337
"1125",2.94095353446729,2.9600912579751,"Zog9",169.587694110369
"1126",2.90863619308615,2.99941425018872,"Zog9",159.17137272504
"1127",2.91290822856433,3.09173623553891,"Zog9",161.98388432932
"1128",2.96314443602064,3.02761554438693,"Zog9",169.420977270173
"1129",2.95147474839072,3.01551883602089,"Zog9",167.955642714226
"1130",2.9300038120818,2.98798852546022,"Zog9",157.398308763666
"1131",2.97465661032174,3.0397018504857,"Zog9",165.371938779898
"1132",2.84151023919208,2.88213748114419,"Zog9",159.861944862554
"1133",3.01110383675213,2.95784519759929,"Zog9",171.89445883339
"1134",3.06318461589569,3.16165760360428,"Zog9",152.131163382355
"1135",2.87169013079661,3.06161228432977,"Zog9",168.869752645642
"1136",2.8586899378407,2.90382059732352,"Zog9",172.869144098439
"1137",3.22319971101105,2.87714433406507,"Zog9",144.864796416764
"1138",3.02395072408127,2.90406697464107,"Zog9",167.665697659788
"1139",3.00531929269048,3.05801568565633,"Zog9",160.590614406565
"1140",2.9801492544423,3.04331589645826,"Zog9",163.903023738191
"1141",3.04926477611207,2.94314176968589,"Zog9",161.240952448146
"1142",3.00372410610932,2.96313156591011,"Zog9",167.976152629601
"1143",2.94540880476433,3.09782280695256,"Zog9",169.629433619369
"1144",2.9567523932978,2.9692926390034,"Zog9",167.283382190443
"1145",2.96555152936664,2.99415907201548,"Zog9",162.387422099307
"1146",2.96803306042276,3.03525337471587,"Zog9",160.162567578983
"1147",2.9248301126403,2.98176723694911,"Zog9",162.149275216933
"1148",3.10741015234409,2.92649735955972,"Zog9",161.540433421882
"1149",3.00938221556595,2.95870587248436,"Zog9",164.566905048697
"1150",2.92269331705118,2.89189995648013,"Zog9",157.359303061259
"1151",3.05912487349484,3.04693126160077,"Zog9",167.223535566814
"1152",3.03502284786781,3.13320401225175,"Zog9",156.143380819973
"1153",2.98624204188171,3.02442626358691,"Zog9",152.741500938174
"1154",3.04008818670401,3.08127292261938,"Zog9",164.935913862677
"1155",2.90936210047156,2.93488649750657,"Zog9",166.038501509476
"1156",2.98011597474379,2.98596912237364,"Zog9",170.309408491453
"1157",2.90008452956728,2.98638878434064,"Zog9",168.214003956511
"1158",2.88161895655764,2.85693593749008,"Zog9",164.669983114089
"1159",2.96686013498183,3.00888929425311,"Zog9",167.972668763637
"1160",3.01680248012485,3.0479237258969,"Zog9",156.267987333467
"1161",2.90869944693165,3.06834064555388,"Zog9",155.147203554034
"1162",2.98249418717155,3.13156540407747,"Zog9",154.623055503501
"1163",2.81695538791138,2.85273505632225,"Zog9",163.444571235328
"1164",2.95532627480653,3.06176514590206,"Zog9",167.761764103831
"1165",3.11706672747261,3.07170740728326,"Zog9",169.476217211063
"1166",2.88485841023203,2.97899741919752,"Zog9",173.517381652416
"1167",2.88070679799533,3.06024593327486,"Zog9",165.435875594089
"1168",2.97801385414929,2.85854675252583,"Zog9",162.234131335656
"1169",3.05346707329831,3.02143946739408,"Zog9",158.502532880138
"1170",3.12361091655203,2.68709118086083,"Zog9",164.909949018592
"1171",3.26537407286038,3.03120583031455,"Zog9",162.680984557443
"1172",3.08008932380748,3.16015634550043,"Zog9",160.855566264429
"1173",3.06714535265537,3.15419870277082,"Zog9",158.392310024087
"1174",3.20279241170659,2.73403306202641,"Zog9",156.090417194864
"1175",2.96990756961305,3.05350268426841,"Zog9",156.250842494877
"1176",2.97866505944893,2.9650279005653,"Zog9",173.41328401393
"1177",3.02532701496125,2.99749919419035,"Zog9",164.885796314119
"1178",2.85799119551595,2.77838665442865,"Zog9",160.120969184632
"1179",2.8164563344572,3.03850405011751,"Zog9",152.077133924146
"1180",3.18067893740383,2.94732793122571,"Zog9",164.481517639439
"1181",2.94250042574896,3.03738894888989,"Zog9",159.650371094802
"1182",2.9542119143207,2.98087817996434,"Zog9",162.53023062167
"1183",2.90070442340106,2.89745624446277,"Zog9",161.681430194036
"1184",3.0144072596666,3.03331963361072,"Zog9",168.563859201982
"1185",3.05911405224357,3.05950690713111,"Zog9",162.651024667695
"1186",2.97713887621266,3.00543192874307,"Zog9",161.88546156185
"1187",3.00147046935474,3.05671015874381,"Zog9",179.741340830783
"1188",3.09513929149287,2.9535989371264,"Zog9",170.741900864106
"1189",2.99892319229862,3.128480081506,"Zog9",164.041599100178
"1190",2.9438656527823,2.96420277181943,"Zog9",158.013085504669
"1191",2.99393899185535,2.94203481101541,"Zog9",171.385379265936
"1192",2.9157673653952,3.10415927824806,"Zog9",156.602924587715
"1193",3.01018880836395,3.11148821810779,"Zog9",162.795022268471
"1194",2.91020742158517,3.06806556371011,"Zog9",169.099571720712
"1195",3.13939254452767,3.02205066599261,"Zog9",160.252286673783
"1196",2.7513476095619,3.15948859846481,"Zog9",160.561002713704
"1197",3.04012941358107,2.89893591060865,"Zog9",166.213635470886
"1198",2.95119727770391,3.11377699929415,"Zog9",164.107769409481
"1199",3.19871488081498,3.17143938344849,"Zog9",161.386703197003
"1200",2.97655365693127,3.00546095741367,"Zog9",161.665853236472
"1201",3.04818373603994,3.05857220039454,"Zog9",164.887766061687
"1202",3.03868939692043,3.06097021936426,"Zog9",166.398572152962
"1203",3.02476724093368,3.11935820083104,"Zog9",172.191304192736
"1204",3.05181198353507,2.91411895733792,"Zog9",160.196845525682
"1205",3.19974137338841,3.0895706193349,"Zog9",172.34808764005
"1206",3.09275088236807,2.82910529338311,"Zog9",152.874956983165
"1207",3.01964241488776,3.20769035453901,"Zog9",158.615865491811
"1208",3.17902662189874,2.94286602407046,"Zog9",153.661158534541
"1209",3.058319774919,2.96838090345133,"Zog9",165.297562413271
"1210",3.06503335991017,3.02588851766498,"Zog9",166.077501146129
"1211",3.12450301486185,2.87496879397963,"Zog9",153.569293550967
"1212",3.016110662602,2.9737105156764,"Zog9",163.466522786162
"1213",3.07254906914576,3.00614874404656,"Zog9",156.734407561596
"1214",2.97255197818677,2.96600325118219,"Zog9",166.588371466724
"1215",3.01248360653961,3.20262940613445,"Zog9",152.247074605181
"1216",3.00396426273275,2.82132393490436,"Zog9",169.184492691825
"1217",2.93602669624677,2.98946115843581,"Zog9",162.820615954486
"1218",3.20346532189299,3.11788472885933,"Zog9",155.879872624874
"1219",2.94411024006112,2.91638351955365,"Zog9",162.551016696975
"1220",2.9644220589328,2.9861048878194,"Zog9",161.271802305091
"1221",3.13244173903574,3.19432848967731,"Zog9",160.58024186237
"1222",2.9979377770771,2.81326544023496,"Zog9",152.650027840103
"1223",3.11681264271892,2.91964021348419,"Zog9",159.035000389282
"1224",2.93926428790852,2.88015914374219,"Zog9",161.918178121311
"1225",2.99871583406946,3.06295213842899,"Zog9",152.74870603009
"1226",2.97490631215736,2.91338714770394,"Zog9",165.248001177344
"1227",2.90308863595933,3.04678056029668,"Zog9",172.743286183478
"1228",2.9696688046633,2.93541936177934,"Zog9",168.606081883486
"1229",2.93447328603348,2.98474744403415,"Zog9",157.541740778389
"1230",3.0857447324947,3.08562148793766,"Zog9",158.533407961118
"1231",2.97090164169764,3.01370037536285,"Zog9",159.871625699703
"1232",2.99172187955557,2.80592945460336,"Zog9",167.372725388773
"1233",2.91721553071952,2.94641125325388,"Zog9",162.854834720305
"1234",3.02151990056109,3.07135950976766,"Zog9",156.516075961519
"1235",2.83880636430964,3.18601483196388,"Zog9",152.547579206973
"1236",2.70501282157168,2.8885173855025,"Zog9",167.046551621915
"1237",3.18801063432658,2.97713789639105,"Zog9",155.823727328441
"1238",3.07572616974227,2.99184101201451,"Zog9",166.610555988129
"1239",3.06347286340604,2.92674335126378,"Zog9",163.642967890134
"1240",2.7763491734197,2.86173671769442,"Zog9",168.183868585667
"1241",3.06771291170272,3.18387966003441,"Zog9",170.790671988413
"1242",3.0519814270578,3.14783344594172,"Zog9",153.168410754581
"1243",2.99223449586,2.85932132833922,"Zog9",170.287597083876
"1244",3.08250387626537,2.81160278678721,"Zog9",167.946177033511
"1245",3.11205690307062,2.97226337723927,"Zog9",160.979287253438
"1246",2.9877836400813,3.04304278051913,"Zog9",162.993228092072
"1247",3.19453370776588,2.98712133319453,"Zog9",166.550260180976
"1248",3.09883626994998,3.11292645954138,"Zog9",167.754977153543
"1249",3.12243853812858,2.97534715069889,"Zog9",151.133168189863
"1250",2.96848823851674,2.88344521842093,"Zog9",173.343470348816
